职位,公司名称,薪资范围,城市,经验要求,学历要求,领域,公司性质,规模,标签
IT总监(J10120),苏州纽威阀门股份有限公司,60-100万/年,苏州,10年及以上,本科,机械/设备/重工,民营,1000-5000人,"['架构设计', '信息管理', '流程优化', '数字化转型', '战略规划', 'sap', 'oa', 'mes', 'pdm', 'dms', '五险一金', '年终奖金', '绩效奖金', '定期体检', '带薪年假', '交通补贴', '节日福利', '周末双休']"
IT总监,苏州亚科科技股份有限公司,30-50万,苏州,10年及以上,本科,制药/生物工程,民营,500-1000人,"['品牌运营', '运营管理', '开发工具', '电商平台', '提供午餐']"
IT总监,暨明医药科技（苏州）有限公司,2-2.5万,苏州,5年及以上,本科,制药/生物工程,外资（欧美）,50-150人,"['计算机', 'gmp', '测试', '验收', '维护', '英文', '网络安全', '信息系统', '药企', 'fda审计', '五险一金', '员工旅游', '交通补贴', '餐饮补贴', '通讯补贴', '专业培训', '绩效奖金', '年终奖金', '弹性工作', '定期体检']"
OA工程师,苏州同心医疗科技股份有限公司,1.5-2万,苏州,5年及以上,本科,医疗设备/器械,合资,150-500人,"['javascript', '需求分析', 'sql', 'c#', '.net', '功能开发', '英语口语', '系统维护', 'oa系统', '流程优化', '能力优先', '五险一金', '补充医疗保险', '员工旅游', '交通补贴', '餐饮补贴', '通讯补贴', '专业培训', '出国机会', '绩效奖金', '年终奖金']"
高级IT经理,苏州木兰隽商贸有限公司,2.5-3.5万·15薪,苏州,5年及以上,本科,贸易/进出口,民营,,"['实验室', '生物制药', '方案']"
Team Lead IT-Consulting,普安华信息技术咨询（太仓）有限公司,15-25万/年,太仓,7年及以上,本科,计算机软件,外资（欧美）,少于50人,"['五险一金', '年终奖金', '绩效奖金', '双休', '带薪年假', '专业培训', '定期体检', '零食下午茶']"
CIM专家(J10065),苏州苏纳光电有限公司,2-3万,苏州,8年及以上,本科,电子技术/半导体/集成电路,民营,150-500人,"['半导体行业', 'cim系统']"
产品规划经理,天顺风能（苏州）股份有限公司,2-2.3万·15薪,太仓,5年及以上,本科,机械/设备/重工,已上市,1000-5000人,"['五险一金', '年终奖金', '定期体检', '餐饮补贴', '通讯补贴', '带薪年假', '周末双休']"
情报系统部代理部长/部长,横河电机（苏州）有限公司,1-2万·14薪,苏州,5年及以上,本科,机械/设备/重工,外资（非欧美）,500-1000人,"['it管理', '五险一金', '补充医疗保险', '免费班车', '员工旅游', '交通补贴', '餐饮补贴', '专业培训', '出国机会', '绩效奖金', '年终奖金']"
ERP资深工程师（熟悉鼎捷ERP),苏州和阳智能制造股份有限公司,1.7-2.3万,盐城,5年及以上,本科,机械/设备/重工,民营,1000-5000人,"['oracle', '需求分析', 'erp', '编程', 'oracle数据库', '技术培训', '信息管理', '系统开发', '性能调优', '计算机科学', '培训']"
数字化总监(J10773),星恒电源股份有限公司,2-4万·14薪,苏州,7年,本科,新能源,民营,1000-5000人,"['信息化', '数字化转型', '数字化', '运营赋能', '五险一金', '员工旅游', '专业培训', '绩效奖金', '年终奖金', '定期体检']"
PDM工程师-MOVA,苏州市人力资源和社会保障局,20-40万/年,苏州,5年及以上,本科,政府/公共事业,政府机关,50-150人,"['PDM系统上线', 'PDM工程师', 'PLM系统实施']"
首席信息官CIO,苏州达翔技术股份有限公司,1.5-2.5万·13薪,苏州,8年及以上,本科,原材料和加工,民营,500-1000人,"['管理', '项目管理', '需求调研', '项目实施', '方案设计', '网络', '服务器', '大数据', 'ai', '安全', '五险一金', '定期体检', '专业培训', '年终奖金', '节日福利', '带薪年假', '通讯补贴', '周末双休', '团队建设', '方案', '培训']"
IT经理,无锡祥生医疗科技股份有限公司,1.5-3万·13薪,无锡,5年及以上,本科,医疗设备/器械,民营,500-1000人,"['管理', '数据分析', '项目管理', 'erp', '金蝶', '软件工程', 'oa', '用友', 'it', 'ai', '五险一金', '绩效奖金', '带薪年假', '周末双休', '免费班车', '包吃']"
IT经理,苏州天脉导热科技股份有限公司,1.6-3.2万,苏州,8年及以上,大专,电子技术/半导体/集成电路,民营,1000-5000人,"['计算机', '系统开发', '运行维护', '问题处理', '系统培训', '业务流程', '产品规划', '开发管理', '系统培训', '方案']"
信息化经理,浙江华瑞航空制造有限公司,2.5-3万·13薪,杭州,10年及以上,本科,航天/航空,国企,150-500人,"['智能工厂', '数字化', '制造业', '五险一金', '绩效奖金', '定期体检', '专业培训', '餐饮补贴', '带薪年假', '节日福利', '周末双休', '免费班车', '方案']"
ERP工程师 (内部顾问),苏州长光华芯光电技术股份有限公司,1.4-1.8万,苏州,2年及以上,本科,电子技术/半导体/集成电路,民营,150-500人,"['oracle', '数据库', 'linux', 'erp', '开发', 'sqlserver', '需求调研', '软件开发', 'windows', 'c#', '五险一金', '员工旅游', '交通补贴', '专业培训', '绩效奖金', '年终奖金', '定期体检']"
IT Manager,苏州源起技术服务有限公司,2-2.5万·13薪,盐城,5年及以上,本科,新能源,民营,50-150人,"['项目管理', 'erp', '英语', 'sap', '汽车制造业', 'english', '中英', 'chinese', '口语', '内部培训', '培训']"
业务系统IT项目经理(J20366),信达生物制药（苏州）有限公司,2-3万·14薪,苏州,8年及以上,本科,制药/生物工程,已上市,5000-10000人,"['IT项目经理', 'AI制药', '研发', '质量', '业务系统', '方案', '培训', '弹性工作', '五险一金', '专业培训', '餐饮补贴', '年终奖金', '股票期权', '定期体检', '交通补贴']"
IT基础设施经理,苏州东微半导体股份有限公司,1.5-3万,苏州,8年及以上,本科,电子技术/半导体/集成电路,已上市,50-150人,"['运营', 'it', '团队建设', '方案', '五险一金', '补充医疗保险', '员工旅游', '绩效奖金', '年终奖金', '弹性工作', '定期体检', '带薪年假', '零食下午茶', '免费工作餐']"
服装制造IT主管,江苏国泰汉帛实业发展有限公司,20-40万/年,张家港,5年及以上,本科,贸易/进出口,国企,500-1000人,"['erp', '英语四级', 'mes', 'wms', 'aps', '信息化规划', '信息化系统', '服装', '带薪年假', '五险一金', '高温补贴', '节日福利', '餐饮补贴', '通讯补贴', '免费班车', '专业培训', '补充医疗保险', '员工旅游', '绩效奖金', '定期体检', '年终奖金']"
数字化&智能化运营,知行汽车科技（苏州）股份有限公司,2-4万·14薪,苏州,10年及以上,本科,汽车,已上市,500-1000人,"['智能化', '数智化', '数智化转型', '五险一金', '补充医疗保险', '员工旅游', '餐饮补贴', '年终奖金', '定期体检']"
医疗信息化开发总监,上海柯渡医学科技股份有限公司,35-55万/年,苏州,10年及以上,硕士,医疗设备/器械,合资,1000-5000人,"['java', '数据分析', '软件开发', '客户沟通', '软件工程', '大数据', '编程语言', '系统集成', '团队组建', '医疗信息化', '五险一金', '年终奖金', '定期体检', '带薪年假', '通讯补贴', '节日福利', '弹性工作']"
IT经理,江苏特创科技有限公司,2-2.5万,苏州,3年及以上,本科,仪器仪表/工业自动化,民营,150-500人,"['数据库', 'linux', '项目管理', '网络', '服务器', '操作系统', '网络安全', '控制成本', '计算机科学', '运维管理', '方案', '五险一金', '交通补贴', '专业培训', '出国机会', '绩效奖金', '年终奖金']"
IT主管,苏州科韵激光科技有限公司,1.2-1.8万·13薪,苏州,7年及以上,本科,仪器仪表/工业自动化,合资,150-500人,"['信息化管理', '计算机技术', '局域网', 'oa系统', '服务器', '二次开发', '信息系统', '网络', 'it设备', '交换机', '五险一金', '年终奖金', '定期体检', '带薪年假', '免费班车', '做五休二', '包吃', '方案', '免费工作餐']"
资讯软件开发主管,上银科技（中国）有限公司,2-3万,苏州,5年及以上,本科,机械/设备/重工,外资（非欧美）,150-500人,"['定期培训', '培训', '方案']"
软件开发经理,利优科技资讯服务（深圳）有限公司,4-5万,杭州,7年,本科,专业服务(咨询、人力资源、财会),外资（欧美）,10000人以上,"['五险一金', '通讯补贴', '绩效奖金']"
IT经理,苏州易北教育科技有限公司,1-1.5万·13薪,苏州,5年及以上,大专,教育/培训/院校,民营,少于50人,"['计算机', '管理', '数据库', 'erp', '团队管理', '网络', '计算机网络', 'oa', '信息管理', '部署']"
工业互联网项目经理,苏州优众企业管理咨询有限公司,2-4万·13薪,苏州,5年及以上,本科,计算机软件,民营,少于50人,['五险一金']
ERP Manager,豪利士电线装配（苏州）有限公司,2-3万·13薪,苏州,10年及以上,本科,电子技术/半导体/集成电路,外资（欧美）,500-1000人,"['erp', '五险一金', '免费班车', '员工旅游', '年终奖金']"
交付总监,唯才（青岛）人力资源有限公司,3-5万,青岛,5年及以上,本科,专业服务(咨询、人力资源、财会),民营,少于50人,"['agv', '团队管']"
数字化管理经理,信达生物制药（苏州）有限公司,1.8-2.5万·14薪,苏州,5年及以上,本科,制药/生物工程,已上市,5000-10000人,"['MES系统', '项目管理', '五险一金', '交通补贴', '餐饮补贴', '专业培训', '绩效奖金', '年终奖金', '定期体检', '方案', '弹性工作', '股票期权']"
信息化主管,苏州东南铝板带有限公司,1.2-1.8万,苏州,3年及以上,大专,原材料和加工,民营,50-150人,"['培训', '信息化', '信息系统', '设备采购', '信息化项目', 'it基础设施', '信息化战略', '数据中心管理', '信息化需求', '信息安全', '五险一金', '年终奖金', '全勤奖', '定期体检', '每年多次调薪']"
运维经理,港城云联（苏州）数据系统有限公司,1.8-2.8万,张家港,5年及以上,大专,通信/电信运营、增值服务,民营,50-150人,"['ups', '数据中心', '机电一体化', '柴发', 'idc运维', '交通补贴', '通讯补贴', '五险一金', '周末双休']"
产品总监（工业电脑）,苏州海特自动化设备有限公司,3-4万·15薪,苏州,3年及以上,本科,计算机硬件,民营,150-500人,"['员工旅游', '交通补贴', '餐饮补贴', '通讯补贴', '年终奖金', '五险一金', '带薪年假', '节日福利']"
大数据运维技术负责人,卓望数码技术（深圳）有限公司,3-5万·14薪,苏州,10年及以上,本科,通信/电信/网络设备,外资（非欧美）,1000-5000人,"['培训', '大数据', '大数据平台', '能力建设', '监控体系', '技术方案评审', '运维体系', '服务保障', '技术运维', '预研', '五险一金', '年终奖金', '培训', '方案']"
数据治理专家,博众精工科技股份有限公司,2.5-3.5万,苏州,3年及以上,本科,机械/设备/重工,民营,5000-10000人,"['数据治理', '数据标准化', '主数据管理', '数据标准规范', '数据质量管理', '数据标准', '五险一金', '年终奖金', '定期体检']"
IT经理,上海厚翔实业有限公司,20-32万/年,苏州,5年,大专,计算机硬件,民营,150-500人,"['IT经理', 'IT主管', '网络工程师', '五险一金', '年终奖金', '绩效奖金', '定期体检']"
低代码架构师（驱动数字化转型）,默戈（江苏）智慧科技有限公司,2.5-5万,苏州,5年及以上,本科,建筑/建材/工程,民营,少于50人,"['架构设计', '低代码', '数字化转型', '平台搭建', '云原生', 'DevOps', '全栈开发', '系统集成', '五险一金', '绩效奖金', '年终奖金', '餐饮补贴', '通讯补贴', '专业培训']"
研发流程管理,苏州睿森五金机电有限公司,3-4.5万·14薪,常熟,5年及以上,本科,机械/设备/重工,外资（欧美）,50-150人,"['研发流程管理', '项目管理', '五险一金', '年终奖金', '过节福利']"
Software Architect,登士柏西诺德牙科产品（上海）有限公司,45-60万/年,苏州,10年及以上,本科,医疗设备/器械,外资（欧美）,500-1000人,"['scrum', 'engineering']"
IT运维高级工程师(J10029),苏州联讯仪器股份有限公司,1.5-2.5万,武汉,3年及以上,本科,仪器仪表/工业自动化,民营,500-1000人,"['计算机', '办公软件', '采购', 'erp', 'office', '异常处理', '盘点', 'oa', 'it', '库存管理', '培训', '管理规范', '五险一金', '员工旅游', '年终奖金', '定期体检', '专业培训', '带薪年假']"
QMS流程软件开发经理,苏州方之见企业管理顾问有限公司,1.5-2.5万,苏州,3年及以上,本科,专业服务(咨询、人力资源、财会),民营,50-150人,"['流程管理', '定制化开发', '对外服务', '数字化软件', 'qms', '企业决策', '五险一金', '年终奖金', '绩效奖金', '专业培训', '餐饮补贴', '员工旅游', '带薪年假', '节日福利', '交通补贴', '周末双休', '弹性工作', '双休']"
信息安全助理经理,广东天垣建设有限公司,2.5-3.5万·13薪,,5年及以上,本科,建筑/建材/工程,民营,50-150人,"['运营管理', '内审', '风险识别', '第三方审核', 'cissp', 'cisa', '数据安全管理', '信息安全审核', '攻防技术', '防泄密']"
销售总监,瑞熙（苏州）智能科技有限公司,3-4万,苏州,10年及以上,本科,计算机软件,民营,150-500人,"['新能源', '方案', '五险一金', '弹性工作', '年终奖金', '绩效奖金', '专业培训', '带薪年假']"
Product Owner 软件项目经理,登士柏西诺德牙科产品（上海）有限公司,40-50万/年,苏州,5年及以上,本科,医疗设备/器械,外资（欧美）,500-1000人,[]
软件技术专家(J10144),胜科纳米（苏州）股份有限公司,2-3.5万·13薪,苏州,8年及以上,本科,检测，认证,民营,150-500人,[]
流程管理专家,宁波智龙科技有限公司,45-55万/年,宁波,5年及以上,本科,电子技术/半导体/集成电路,民营,1000-5000人,"['集成供应链', '研发IPD流程', 'LTC流程', '流程变革', '流程体系', '流程专家', '流程管理', '数字化流程', 'ipd流程', '流程经理', '五险一金', '年终奖金', '绩效奖金', '定期体检', '专业培训', '餐饮补贴', '员工旅游', '交通补贴', '节日福利', '带薪年假', '股票期权']"
it业务顾问（生产计划方向）,江苏艾兰得营养品有限公司,2-3万·15薪,苏州,3-4年,本科,快速消费品(食品、饮料、化妆品),民营,1000-5000人,"['APS', '五险一金', '周末双休', '带薪年假', '节日福利']"
IT Senior Project Manager,深圳尚科宁家科技有限公司,3-4万·13薪,苏州,6年及以上,本科,家具/家电/玩具/礼品,外资（欧美）,1000-5000人,"['项目管理', 'IT', '五险一金', '定期体检', '餐饮补贴', '员工旅游', '通讯补贴', '带薪年假', '免费班车']"
IT工程师（软件）,苏州英华特涡旋技术股份有限公司,1.3-1.8万·14薪,常熟,3-4年,本科,机械/设备/重工,民营,150-500人,"['培训', '计算机', '数据库', '财务', '项目管理', '成本核算', '解决方案', '软件工程', '信息管理', '系统集成', '五险一金', '员工旅游', '定期体检', '绩效奖金', '带薪年假', '节日福利', '年终奖金', '试用期同薪', '免费工作餐']"
信息系统主管,元六鸿远（苏州）电子科技有限公司,1.2-1.5万,苏州,5年及以上,本科,电子技术/半导体/集成电路,已上市,150-500人,"['Oracle', 'MySQL', 'SQLServer', 'WEB前端技术', '项目实施经验', '五险一金', '绩效奖金', '定期体检', '员工旅游', '带薪年假', '节日福利', '周末双休', '包吃']"
BI项目经理,江苏艾兰得营养品有限公司,1.5-2.5万,苏州,5年及以上,本科,快速消费品(食品、饮料、化妆品),民营,1000-5000人,"['BI可视化', '数据服务', '五险一金', '周末双休', '带薪年假', '节日福利']"
项目管理(J10628),全亿健康药房有限公司,1.5-2万,苏州,5年及以上,本科,批发/零售,外资（欧美）,10000人以上,"['项目管理', '监控项目进度', '谈判', '应对策略', '风险管理', '管理项目团队', '识别潜在风险', '流程优化', '五险一金', '员工旅游', '交通补贴', '专业培训', '绩效奖金', '年终奖金', '定期体检', '周末双休']"
系统应用高级经理,协鑫集成,2-3万,苏州,5-7年,本科,新能源,已上市,1000-5000人,"['五险一金', '交通补贴', '餐饮补贴', '通讯补贴', '绩效奖金', '年终奖金', '定期体检']"
数字化部门经理,上海沙洲人力资源有限公司,1.5-2.5万·14薪,张家港,5-10年,本科,计算机软件,合资,,"['培训', '费用预算', '智能制造', '信息化培训', '计划编制', '运维支持', '平台建设', '车间规划', '物联网系统', '车间改造', '培训']"
MES项目经理,苏州首拓信息科技有限公司,1.8-2.5万,苏州,3年及以上,本科,计算机软件,民营,50-150人,"['项目管理', '五险一金', '专业培训', '弹性工作']"
IT解决方案工程师,苏州纳芯微电子股份有限公司,2-3.5万·16薪,苏州,3年及以上,本科,电子技术/半导体/集成电路,已上市,500-1000人,"['erp', 'crm', 'wms', 'srm', 'it解决方案', 'it规划', 'it系统', 'it需求管理', '五险一金', '年终奖金', '绩效奖金', '定期体检', '周末双休']"
IT经理,江苏荣锦酒店管理有限公司,0.8-1万,苏州,5-7年,大专,酒店/旅游,民营,150-500人,"['酒店', '餐厅', '连锁', '集团', '互联网', 'PMS', 'ERP', 'OA', 'APP', '数据库', '生日福利', '带薪年假', '周末双休', '绩效奖金', '专业培训', '定期体检', '员工活动', '内部消费福利', '员工优惠房', '出国旅游机会']"
Cyber Security Specialist 网络安全专家,美卓机械重工（苏州）有限公司,2-3万,苏州,8-9年,本科,机械/设备/重工,外资（欧美）,500-1000人,"['网络安全', '安全运维', '网络安全管理']"
IT经理,江苏伟杰投资实业集团有限公司,8千-1.3万,常熟,5年及以上,大专,汽车,民营,500-1000人,"['解决方案', '计算机科学', 'it系统', 'it管理', 'it战略规划', 'it预算', '解决问题', '五险一金', '餐饮补贴', '节日福利', '专业培训', '交通补贴']"
软件开发经理,苏州方之见企业管理顾问有限公司,1.5-2.5万,苏州,3年及以上,本科,专业服务(咨询、人力资源、财会),民营,50-150人,"['软件开发', 'crm', '企业管理', 'plm', '流程管理', '需求对接', '定制化开发', '算法开发', '企业软件', '对外服务', '五险一金', '年终奖金', '绩效奖金', '专业培训', '餐饮补贴', '员工旅游', '带薪年假', '节日福利', '交通补贴', '周末双休', '弹性工作', '双休']"
IT经理,苏州晶洲装备科技有限公司,1.5-2万,苏州,8年及以上,本科,电子技术/半导体/集成电路,民营,500-1000人,"['信息系统', '系统架构', '数字化', '功能模块', '信息化建设', '信息化项目', '项目组织管理', 'it系统实施', '方案', '五险一金', '专业培训', '年终奖金', '绩效奖金']"
信息系统工程师,航天工程装备（苏州）有限公司,15-24万/年,苏州,5年及以上,本科,机械/设备/重工,国企,150-500人,"['java', '数据库', '需求分析', 'erp', '咨询', 'c++', '网络', 'oa', 'it', '五险一金', '年终奖金', '定期体检', '餐饮补贴', '带薪年假', '节日福利', '周末双休']"
IT系统集成工程师,苏州池袋信息科技有限公司,1-1.6万,苏州,3-4年,大专,计算机服务(系统、数据服务、维修),民营,少于50人,"['五险一金', '员工旅游', '专业培训', '年终奖金']"
实施工程部经理,兰笺（苏州）科技有限公司,1.5-2万·14薪,苏州,5年及以上,本科,计算机软件,民营,50-150人,"['五险一金', '补充医疗保险', '定期体检', '专业培训', '绩效奖金']"
资深IT工程师(J11310),北京百普赛斯生物科技股份有限公司,1-1.5万·14薪,苏州,5年及以上,本科,制药/生物工程,民营,500-1000人,"['计算机', '安全管理', '网络', 'it', '安全', '设备维护', 'gmp管理', '交换机', '网络设备', '培训', '五险一金', '补充医疗保险', '免费班车', '通讯补贴', '定期体检', '绩效奖金', '专业培训', '年终奖金', '餐饮补贴']"
Cloud Engineer,登士柏西诺德牙科产品（上海）有限公司,30-40万/年,苏州,5年及以上,本科,医疗设备/器械,外资（欧美）,500-1000人,"['storage', 'cross']"
IT,苏州特瑞药业股份有限公司,9千-1.6万,苏州,3年及以上,本科,制药/生物工程,民营,50-150人,"['计算机', 'erp', 'oa', '服务器', '维护', 'mes', '微信公众号', '交换机', 'wms', '网络维护', '方案']"
主数据治理产品经理,深圳市汇川技术股份有限公司,2-3万,苏州,5年及以上,本科,仪器仪表/工业自动化,已上市,10000人以上,"['计算机', '软件开发', '研发', '技术交流', '信息管理', '系统集成', '产品管理', '数据治理', '数据建模', '数据安全', '方案']"
信息文档部经理/副经理（主持工作）,中核苏阀科技实业股份有限公司,2-3.5万·13薪,苏州,5年及以上,本科,多元化业务集团公司,国企,1000-5000人,['信息化建设']
网络工程师,苏州谷英人力资源服务有限公司,1.7-1.9万·14薪,苏州,8年及以上,本科,专业服务(咨询、人力资源、财会),民营,,"['计算机', 'erp', '网络', '软件', '日语', 'it', '服务器', 'mes', '网络安全', 'oa系统', '五险一金', '补充医疗保险', '免费班车', '员工旅游', '交通补贴', '餐饮补贴', '通讯补贴', '专业培训', '绩效奖金', '年终奖金', '定期体检', '日语', '日企经验', '应届毕业可', '日本留学更佳']"
ERP高级工程师(J10217),苏州东山精密制造股份有限公司,1.5-2.2万,苏州,8年,本科,电子技术/半导体/集成电路,已上市,5000-10000人,"['erp', '财务', '新能源', '培训', '方案']"
资深实施顾问,上海外服薪数据科技有限公司,25-35万/年,苏州,5年及以上,本科,专业服务(咨询、人力资源、财会),国企,150-500人,"['mysql', 'oracle', '数据库', '项目管理', '英语', '人力资源', '人力资源管理', '软件工程', '文档编写', '信息管理', '五险一金', '年终奖金', '定期体检', '专业培训', '补充医疗保险', '节日福利', '带薪年假', '周末双休', '做五休二', '子女医疗保险', '带薪病假']"
人力资源SaaS解决方案专家,超吉软件（苏州）有限公司,2-3.5万,苏州,8年及以上,本科,计算机软件,外资（欧美）,,"['五险一金', '方案', '培训']"
项目经理,上海尚华实业有限公司,1.2-2.4万,苏州,3年及以上,本科,贸易/进出口,民营,50-150人,"['架构师', '软件工程师', '人工智能学习', 'ERP系统', '五险一金', '带薪年假', '年终奖金', '绩效奖金', '员工旅游', '出国机会', '定期体检', '零食下午茶', '定期团建']"
IT系统工程师,大秦数字能源技术股份有限公司,1-1.8万,苏州,3年及以上,本科,电子技术/半导体/集成电路,民营,500-1000人,"['CRM/PLM', '甲方经验', '方案', '五险一金', '带薪年假', '年终奖金', '绩效奖金', '项目奖金', '专业培训', '出国机会', '定期体检', '零食下午茶', '出差补贴']"
it工程师,中石化工建设有限公司苏州分公司,1-1.5万,苏州,3-5年,大专,建筑/建材/工程,民营,1000-5000人,"['erp', '英语', 'sap', '制药行业', '项目', 'mvp', 'it系统', 'ot', 'ewm', '方案']"
IT主管,苏州迈思德超净科技有限公司,1-1.2万·13薪,苏州,5年及以上,本科,电子技术/半导体/集成电路,民营,50-150人,"['培训', '计算机', 'erp', '调试', '网络', '安装', '服务器', 'mes', '开车', '防火墙', '五险一金', '年终奖金', '定期体检', '绩效奖金', '专业培训', '节日福利']"
Software Project Manager,苏州瑞泰信息技术有限公司,1.5-3万·14薪,苏州,5年及以上,本科,计算机软件,民营,500-1000人,"['软件实施', '项目管理', '英文流利', 'CRM系统', 'ERP系统', '五险一金', '绩效奖金', '补充医疗保险', '定期体检']"
IT系统工程师(A224244),大秦数字能源技术股份有限公司,1-1.8万,苏州,3-5年,本科,电子技术/半导体/集成电路,民营,500-1000人,"['计算机', '数据库', 'erp', '方案设计', '网络', '运维', '安装调试', 'oa', 'it', '服务器', '五险一金', '年终奖金', '绩效奖金', '定期体检', '专业培训', '带薪年假', '方案', '项目奖金', '出国机会', '零食下午茶', '出差补贴']"
IT主管,苏州科宁多元醇有限公司,8千-1.2万·13薪,苏州,5年及以上,本科,制药/生物工程,民营,少于50人,"['管理', '数据库', '团队管理', '软件工程', 'it', '服务器', '信息化', '计算机科学', 'sql数据库', '信息技术', '方案']"
SAP ERP 顾问,索诺瓦听力技术（苏州）有限公司,45-50万/年,苏州,5年,本科,医疗设备/器械,外资（欧美）,500-1000人,"['micros', 'engineering', 'hi']"
SAP运维工程师(A57379),知行汽车科技（苏州）股份有限公司,1.5-3万·14薪,苏州,5年及以上,本科,汽车,已上市,500-1000人,"['计算机', '需求分析', 'sap', '方案设计', '解决方案', '运维', '用户培训', '系统上线', '系统优化', '运维支持', '方案', '能力优先', '培训']"
ERP产品经理(J10065),名气家信息服务有限公司,1.5-2.5万·14薪,苏州,3-4年,本科,计算机软件,外资（非欧美）,150-500人,"['erp', '财务', '金蝶', '用友', '财务管理', '资金管理', '财务管理系统', '五险一金', '补充医疗保险', '补充公积金', '员工旅游', '餐饮补贴', '通讯补贴', '弹性工作', '销售提成']"
MES主管,淳华科技（昆山）有限公司,1.2-2万,昆山,2年及以上,大专,电子技术/半导体/集成电路,外资（非欧美）,5000-10000人,"['团队管理', '软件开发', '人员管理', 'mes', '信息管理', '进度追踪', '领导', '任务分派', '绩效评估考核', '督导', '五险一金', '餐饮补贴', '专业培训', '员工旅游']"
软件经理,苏州艾科瑞思智能装备股份有限公司,2.5-4万,苏州,5-7年,本科,仪器仪表/工业自动化,民营,150-500人,"['c#', 'winform', '上位机', '运动控制卡', '多线程', '软硬件结合', '工业自动化', '半导体设备', '专业培训', '包吃', '五险一金', '补充医疗保险', '年终奖金', '定期体检']"
系统运维主管,苏州精实智能科技有限公司,1.3-2万,苏州,5年及以上,本科,汽车,民营,150-500人,"['计算机', 'java', 'mysql', 'oracle', '数据库', '数据分析', '电子', 'spring', 'mybatis', '方案', '五险一金', '免费食宿', '年终奖金']"
数字化工程师,信达生物制药（苏州）有限公司,1.1-1.4万·14薪,苏州,3年及以上,本科,制药/生物工程,已上市,5000-10000人,"['MES系统', '项目管理', '五险一金', '交通补贴', '餐饮补贴', '专业培训', '绩效奖金', '年终奖金', '定期体检', '方案', '弹性工作', '股票期权']"
IT 高级工程师,苏州晶测科技有限公司,1-2万,苏州,5年及以上,本科,电子技术/半导体/集成电路,合资,,"['linux', 'erp', 'oracle', '运维', 'mes', 'c#', '系统架构', '信息管理', 'sql调优', '数据库', '五险一金', '年终奖金', '专业培训', '弹性工作']"
ITBP岗（项目开发）,华峰集团有限公司,1-2万·13薪,南通,5年及以上,本科,石油/化工/矿产/地质,民营,10000人以上,"['erp', 'sap', 'c#', 'oa', 'crm', 'mes', '用户培训', 'wms', '信息系统', 'mom', '五险一金', '年终奖金', '专业培训', '餐饮补贴', '带薪年假', '培训', '方案']"
IT Network Engineer/ IT网络工程师,立胜汽车科技（苏州）有限公司,1.5-1.8万,苏州,3-4年,本科,汽车,外资（欧美）,500-1000人,"['网络维护', '五险一金', '免费班车', '年终奖金', '定期体检']"
IT经理/27001信息安全顾问,苏州方之见企业管理顾问有限公司,1-1.5万·13薪,苏州,3-4年,本科,专业服务(咨询、人力资源、财会),民营,50-150人,"['erp', 'oa办公系统', '办公硬件', '考勤设备', '项目建设', '专业培训', '员工旅游', '绩效奖金', '年终奖金', '五险一金', '晋升机制']"
IT工程师（鼎捷系统方向）,苏州鼎佳精密科技股份有限公司,8千-1.5万,苏州,3年及以上,本科,原材料和加工,民营,150-500人,"['运维', '二次开发', '项目管理', '信息管理', '系统配置', '项目奖金', '五险一金', '带薪年假', '全职', '培训', '定期培训', '可晋升', '方案']"
网络工程师,维益烘焙产品（天津）有限公司,20-25万/年,苏州,3-5年,本科,快速消费品(食品、饮料、化妆品),外资（欧美）,500-1000人,"['网络技术', '网络安全', '网络设计', '五险一金', '专业培训', '周末双休', '带薪年假']"
it工程师,前锦网络信息技术（上海）有限公司,1.3-2.5万·13薪,太仓,5年及以上,大专,专业服务(咨询、人力资源、财会),外资（非欧美）,5000-10000人,"['英语', 'sap', '英文', '二次开发', 'sap系统', '英文技术文档', '培训支持', 'microsoft', '办公流程', '问题解决', '培训']"
软件项目经理,苏州超集信息科技有限公司,2-3万,苏州,5年及以上,本科,计算机服务(系统、数据服务、维修),外资（欧美）,150-500人,"['AI', '五险一金', '年终奖金', '定期体检', '餐饮补贴', '节日福利', '带薪年假', '通讯补贴', '交通补贴', '周末双休', '弹性工作']"
Staff Digitalization Engineer 数字化主任工程师,贝克曼库尔特商贸（中国）有限公司,2-3万·13薪,苏州,8年及以上,本科,医疗设备/器械,外资（欧美）,500-1000人,"['数字化', '精益生产', 'powerapss', '工厂数字化', '防呆机制', '医疗行业', '工业行业']"
IT开发主管,苏州凯帝丽莎网络信息技术有限公司,1.8-2.5万·13薪,苏州,5年及以上,本科,互联网/电子商务,民营,500-1000人,"['弹性工作', '周末双休', '年终奖金', '项目奖金', '全勤奖', '带薪年假', '旅游', '缴纳五险', '五险一金', '定期体检', '培训', '团建经费', '方案', '餐费补贴', '员工旅游']"
IT Infrastructure Analyst （ IT 架构分析师）,维益烘焙产品（天津）有限公司,1.6-2万,苏州,无需经验,本科,快速消费品(食品、饮料、化妆品),外资（欧美）,500-1000人,['架构分析师']
ERP主管,安徽鑫铂铝业股份有限公司,1.5-2万·13薪,滁州,8年及以上,大专,新能源,已上市,1000-5000人,"['计算机', '管理', 'erp', '财务管理', '金蝶', '运维', '安装', '执行方案', '信息工程', '培训', '方案', '五险一金', '专业培训', '出国机会', '绩效奖金', '年终奖金']"
IT体系高级审核员,SGS通标标准技术服务有限公司苏州分公司,2.2-2.5万,苏州,4年及以上,本科,检测，认证,合资,150-500人,"['CISSP', 'CISA', 'CISP', 'ITIL', 'EXIN', 'CACSP', 'CBCP', '专业培训', '五险一金', '年终奖金', '做五休二', '定期体检', '餐饮补贴', '带薪年假', '员工旅游', '培训', '圣诞假期']"
流程管理专家(J10876),苏州迈为科技股份有限公司,2-3万,苏州,8年及以上,本科,仪器仪表/工业自动化,已上市,5000-10000人,"['流程优化', '流程再造', '流程框架', '五险一金', '绩效奖金', '年终奖金', '方案', '培训', '股票期权']"
IT系统经理,苏州赛伍应用技术股份有限公司,2-2.5万,苏州,5年及以上,本科,石油/化工/矿产/地质,已上市,500-1000人,"['计算机', '数据库', '测试', '项目管理', '开发', '网络', '运维', '软件工程', 'it', '维护', '系统培训']"
IT工程师,苏州南医大创新中心,1.5-2万,苏州,3年及以上,本科,学术/科研,事业单位,少于50人,"['开发', '代码', '编写', '五险一金', '交通补贴', '餐饮补贴', '通讯补贴', '专业培训', '定期体检', '年终奖金', '绩效奖金']"
IT工程师,前锦网络信息技术（上海）有限公司,1.2-2万,太仓,5年及以上,大专,专业服务(咨询、人力资源、财会),外资（非欧美）,5000-10000人,"['ERP上线实施', '英语流利', 'SAP系统操作', 'Teams', 'SAP证书', 'Microsoft', '数据分析可视', '五险一金', '周末双休', '包吃']"
流程管理经理(J10875),苏州迈为科技股份有限公司,2-3万,苏州,8年及以上,本科,仪器仪表/工业自动化,已上市,5000-10000人,"['流程', '流程优化', '流程梳理', '五险一金', '绩效奖金', '年终奖金', '方案', '培训', '股票期权']"
erp软件开发工程师,苏州赛伍应用技术股份有限公司,1.5-2万,苏州,3年及以上,本科,石油/化工/矿产/地质,已上市,500-1000人,"['五险一金', '餐饮补贴', '绩效奖金', '免费班车', '员工旅游', '专业培训', '出国机会', '年终奖金', '股票期权', '定期体检']"
平台产品经理,深圳市汇川技术股份有限公司,2-3万,苏州,5年及以上,本科,仪器仪表/工业自动化,已上市,10000人以上,"['计算机', '软件开发', '研发', '技术交流', '信息管理', '系统集成', '产品管理', '数据治理', '数据建模', '数据安全', '方案']"
MES项目经理,浙江中之杰智能系统有限公司,1.5-2.5万·13薪,苏州,5-7年,本科,电子技术/半导体/集成电路,民营,150-500人,"['MES', '项目管理', '实施', '项目经理', 'WMS', '五险一金', '交通补贴', '员工旅游', '专业培训', '绩效奖金', '年终奖金', '弹性工作', '股票期权']"
软件项目经理,无锡晓枫汽车技术股份有限公司,1.3-2.5万,上海,3年及以上,本科,汽车,民营,50-150人,"['计算机', '测试', '开发', '需求调研', '软件工程', '咨询服务', '产品设计', 'axure', 'xmind', '维护', '五险一金', '员工旅游', '年终奖金', '专业培训']"
软件经理,苏州工业园区文鼎科技有限公司,2.5-4万,苏州,10年及以上,本科,仪器仪表/工业自动化,民营,150-500人,"['新能源', '方案', '发展空间', '培训']"
it解决方案经理,中软国际科技服务有限公司,1.5-2万,苏州,5年及以上,本科,计算机软件,合资,10000人以上,"['it解决方案', 'mes解决方案', '项目管理', '需求分析', '方案']"
Staff Automation Engineer,贝克曼库尔特商贸（中国）有限公司,3-4.5万·15薪,苏州,10年及以上,本科,医疗设备/器械,外资（欧美）,500-1000人,"['数字化', '五险一金', '年终奖金', '绩效奖金', '专业培训', '餐饮补贴', '通讯补贴', '交通补贴', '补充医疗保险', '弹性工作', '补充公积金']"
FR交付经理,苏州盖雅信息技术有限公司,1.8-2.5万,苏州,5年及以上,本科,计算机软件,合资,500-1000人,"['人力资源系统', '五险一金', '年终奖金', '定期体检', '员工旅游', '通讯补贴', '弹性工作']"
流程实施顾问,沃太能源股份有限公司,2-2.2万·14薪,南通,5年及以上,本科,新能源,民营,500-1000人,"['销售', '流程优化', '项目规划', '分析', '流程管理', 'SAP', 'CRM', '五险一金', '交通补贴', '餐饮补贴', '专业培训', '方案']"
IT流程管理工程师,新大洲本田摩托（苏州）有限公司,1.5-2万·14薪,苏州,5年及以上,本科,机械/设备/重工,合资,1000-5000人,"['项目管理', '五险一金', '年终奖金', '定期体检', '餐饮补贴', '员工旅游', '节日福利', '带薪年假', '周末双休', '免费班车', '包住宿']"
销售总监 Sales Director,安华迪电气科技（苏州）有限公司,3-5万·13薪,苏州,10年及以上,本科,电子技术/半导体/集成电路,合资,少于50人,"['销售总监', 'Sales', 'director', '销售副总', '线束', 'EMS', '全职', '佣金', '方案', '五险一金', '员工旅游', '年终奖金', '绩效奖金', '定期体检']"
工程商务总监,信息产业电子第十一设计研究院科技工程股份有限公司上海分院,1.5-3万,苏州,8年及以上,本科,建筑/建材/工程,国企,1000-5000人,"['cad', 'excel', 'word', '招投标', '造价', '测算', '项目预决算', '办公用软件', '招标文档', '新点']"
供应链数字化经理,追觅科技（苏州）有限公司,2.5-4万·15薪,苏州,5年及以上,本科,家具/家电/玩具/礼品,民营,1000-5000人,"['五险一金', '年终奖金', '定期体检', '绩效奖金', '带薪年假', '餐饮补贴', '节日福利', '员工旅游', '补充医疗保险', '周末双休', '免费班车']"
运营经理/总监,无锡先导智能装备股份有限公司,3-5万·16薪,无锡,7年及以上,本科,仪器仪表/工业自动化,已上市,10000人以上,"['战略规划', '转型变革', '营运管理', '精益管理', '流程管理', '持续发展', '方案', '五险一金', '餐饮补贴', '专业培训', '年终奖金', '弹性工作', '定期体检', '员工活动丰富']"
高级IT,苏州万欣华智能科技有限公司,1.5-2万,苏州,3-4年,大专,机械/设备/重工,民营,150-500人,"['带薪年假', '五险', '节日福利', '绩效奖金']"
ERP项目经理,苏州诚普信息技术有限公司,1-1.6万·13薪,苏州,3年,本科,计算机软件,民营,少于50人,"['五险一金', '交通补贴', '员工旅游', '绩效奖金', '年终奖金', '弹性工作']"
运维工程师(J10094),苏州精控能源科技股份有限公司,1.5-2.5万·14薪,苏州,5年及以上,本科,新能源,合资,150-500人,"['运维', 'k8s', 'docker', '年终奖金', '员工旅游', '年度调薪', '五险一金', '周末双休', '生日福利', '加班补贴', '季度福利']"
质量总监,玏芯科技（苏州）有限公司,4-6万·14薪,苏州,5年及以上,本科,电子技术/半导体/集成电路,民营,50-150人,"['芯片质量控制', 'IPD', 'APQP', 'FMEA', 'PPAP', 'JEDEC', 'QSA', 'QPA', '半导体芯片', 'ISO质量体系', '五险一金', '弹性工作', '绩效奖金', '年终奖金', '专业培训', '定期体检', '股票期权']"
产品经理/主管,天顺风能（苏州）股份有限公司,1.8-2.2万·15薪,太仓,5年及以上,本科,机械/设备/重工,已上市,1000-5000人,"['五险一金', '年终奖金', '定期体检', '餐饮补贴', '通讯补贴', '节日福利', '带薪年假', '周末双休']"
运营专员（三方）,苏州汇川联合动力系统股份有限公司,1.5-2.5万,苏州,4年及以上,本科,汽车零配件,民营,5000-10000人,"['项目管理', '汽车', '运营管理', 'pmp', '项目运营', 'ipd', '业务运营管理', 'ltc', '项目管理平台', '项目绩效', '五险一金', '补充医疗保险', '交通补贴', '通讯补贴', '餐饮补贴', '绩效奖金', '年终奖金', '股票期权', '定期体检', '专业培训']"
ERP管理,苏州万欣华智能科技有限公司,1.2-2万,苏州,3-4年,大专,机械/设备/重工,民营,150-500人,"['节日福利', '专业培训', '包吃', '周末双休', '五险一金']"
PLM工程师(J10407),苏州东山精密制造股份有限公司,1.3-2万,苏州,3年及以上,本科,电子技术/半导体/集成电路,已上市,5000-10000人,"['plm', '生产制造', '汽车零部件', '业务流程', '项目实施', '生产系统', '系统培训', '五险一金', '餐饮补贴', '免费班车', '专业培训', '年终奖金', '员工宿舍', '方案', '培训']"
it工程师,苏州中锐投资集团有限公司,8千-1.2万,苏州,3年及以上,本科,房地产,民营,50-150人,"['计算机', 'oracle', '数据库', '运营', '项目管理', 'sql', '维护', '设备维护', '网络安全', '防火墙']"
ERP经理(J10673),浙江水晶光电科技股份有限公司,2-4万·15薪,台州,8年及以上,本科,电子技术/半导体/集成电路,已上市,5000-10000人,"['电子制造行业', '五险一金', '年终奖金', '做五休二', '管理培训']"
SAP 开发（ABAP/Fiori）内部顾问（中高级）(J10892),苏州迈为科技股份有限公司,1.8-2.5万·13薪,苏州,5年,本科,仪器仪表/工业自动化,已上市,5000-10000人,"['sap', '系统开发', 'abap', '五险一金', '绩效奖金', '年终奖金']"
网络管理岗（保险金融）,前锦网络信息技术（上海）有限公司,8千-1.5万,苏州,1年及以上,本科,专业服务(咨询、人力资源、财会),外资（非欧美）,5000-10000人,"['网络规划', '网络故障']"
IT专员（常驻南通，入职前半年在苏州）,苏州运宏电子有限公司,6-8千,苏州,3年及以上,大专,电子技术/半导体/集成电路,合资,500-1000人,"['培训', '计算机', '电子', 'erp', '通信', 'windows', '网络', 'oa', 'it', '服务器', '五险一金', '专业培训', '全勤奖', '节日福利', '绩效奖金']"
IT技术支持,昆山梦燃电气设备科技有限公司,8千-1万,苏州,无需经验,中技/中专,服装/纺织/皮革,民营,少于50人,"['办公软件', 'linux', 'windows', '网络', '操作系统', '服务质量', '网络连接', '五险一金', '补充公积金', '年终奖金', '带薪年假']"
it工程师,前锦网络信息技术（上海）有限公司,1-1.5万·13薪,太仓,3年及以上,大专,专业服务(咨询、人力资源、财会),外资（非欧美）,5000-10000人,"['培训', '英语', 'sap', '英文', '二次开发', 'sap系统', 'microsoft', '办公流程', 'teams', '五险一金', '周末双休']"
运维主管,苏州万丽织造有限公司,8千-1.3万,苏州,3年及以上,本科,服装/纺织/皮革,民营,10000人以上,"['计算机', '管理', '安装', 'it', '维护', '网络设备', '弱电', '打印机', '计算机软硬件', '运维手册', '五险一金', '年终奖金', '绩效奖金', '专业培训', '带薪年假', '节日福利', '周末双休', '免费班车', '做五休二', '免费食宿']"
IT技术支持,南京萨茄勒教育科技有限公司,7-9千·13薪,苏州,无需经验,,电子技术/半导体/集成电路,民营,少于50人,"['办公软件', 'linux', '项目实施', 'windows', '网络', 'tcp', '硬件', '技术文档编写', '计算机科学', 'ip协议', '年终奖金', '绩效奖金', '节日福利', '定期团建']"
信息安全主管(J10645),全亿健康药房有限公司,1-1.5万,苏州,5年及以上,本科,批发/零售,外资（欧美）,10000人以上,"['漏洞扫描', '渗透测试', '信息安全防范', '应急响应', '信息安全', '计算机', 'cisp', 'cissp', '培训', '方案']"
OA工程师,益而益（集团）有限公司,1-1.5万·13薪,苏州,8-9年,本科,家具/家电/玩具/礼品,民营,1000-5000人,"['oa系统', '年终奖金', '免费班车', '节日福利', '周末双休', '包住宿', '五险一金', '提供食宿']"
军工渠道销售总监,煜程人力咨询（苏州）有限公司,3-4万,北京,8年及以上,本科,计算机软件,外资（欧美）,,[]
产品经理（MES）,苏州首拓信息科技有限公司,1.2-2万,苏州,3年及以上,本科,计算机软件,民营,50-150人,"['五险一金', '专业培训', '绩效奖金', '弹性工作']"
IT系统工程师,江苏怡有合顺智能科技有限公司,9千-1.5万·13薪,苏州,3年及以上,大专,计算机服务(系统、数据服务、维修),民营,50-150人,"['Vmware', '虚拟化工程师', '乙方工作经验', 'Linux', 'citrix', '存储设备', '故障处理', '服务器', '运维', '项目实施', '五险一金', '年终奖金', '绩效奖金', '专业培训', '餐饮补贴', '员工旅游', '通讯补贴', '交通补贴', '股票期权']"
中台系统咨询顾问,博世（中国）投资有限公司,2-2.5万·13薪,苏州,3年及以上,本科,汽车,外资（欧美）,10000人以上,"['AMQP', 'MQTT', 'JMS', '周末双休', '五险一金', '年终奖金', '带薪年假', '定期体检', '补充医疗保险', '节日福利']"
it运维工程师,江苏集萃中科先进光电技术研究所有限公司,8千-1.2万·14薪,苏州,3年及以上,本科,电子技术/半导体/集成电路,民营,少于50人,"['计算机', '管理', '项目管理', '方案设计', '网络', 'it', '服务器', '防火墙', '交换机', '信息化', '五险一金', '带薪年假', '员工旅游', '年终奖金', '绩效奖金', '专业培训', '定期体检', '有餐补', '出差补贴']"
产品专家（SaaS方向）,松下信息系统（上海）有限公司,2-4万,无锡,5年及以上,,计算机软件,外资（非欧美）,150-500人,"['五险一金', '年终奖金', '专业培训', '员工旅游', '定期体检', '节日福利', '带薪年假', '周末双休', '补充医疗保险']"
it运维工程师,江苏集萃中科先进光电技术研究所有限公司,8千-1.2万·14薪,苏州,3年及以上,本科,仪器仪表/工业自动化,民营,少于50人,"['计算机', '项目管理', '方案设计', '网络', 'it', '服务器', '防火墙', '交换机', '信息化', '方案', '五险一金', '交通补贴', '餐饮补贴', '绩效奖金', '年终奖金', '股票期权', '弹性工作', '定期体检', '员工旅游', '专业培训']"
it运维工程师,苏州创鑫激光科技有限公司,1-1.5万,苏州,3年及以上,大专,电子技术/半导体/集成电路,民营,1000-5000人,"['计算机', 'erp', 'mes', '网络安全', 'ad', '交换机', '安防', 'ftp', '华为', 'bpm', '年终奖金', '绩效奖金', '专业培训', '免费班车', '免费食宿', '带薪年假', '五险一金']"
CRM高级工程师,宝时得科技(中国)有限公司,1.3-2万,苏州,5年及以上,本科,家具/家电/玩具/礼品,外资（非欧美）,1000-5000人,"['管理', '项目管理', '软件开发', 'it', '理工科', '系统开发', '英语可沟通', 'CRM', 'SaaS', '营销', '五险一金', '专业培训', '餐饮补贴', '员工旅游', '补充医疗保险', '免费班车', '周末双休', '员工公寓']"
IT工程师,苏州依利特科技有限公司,8千-1万,苏州,5年及以上,本科,仪器仪表/工业自动化,合资,少于50人,"['计算机', '采购', 'office', '网络', '安装', '服务器', '维护', '操作系统', '故障处理', '防火墙', '五险一金', '带薪年假', '专业培训', '定期体检', '有餐补', '出差补贴', '定期团建']"
流程COE,台铃科技股份有限公司,2.5-4万,无锡,5年及以上,本科,汽车,民营,5000-10000人,"['流程管理', '五险一金', '带薪年假', '年终奖金', '项目奖金', '定期体检']"
高级应用运维工程师,博众精工科技股份有限公司,1.3-1.8万·14薪,苏州,无需经验,本科,机械/设备/重工,民营,5000-10000人,"['erp', '接口开发', '鼎捷t100', '五险一金', '年终奖金', '员工旅游', '定期体检', '包吃包住', '节日福利']"
运维工程师,上海有舟众创空间管理有限公司,1.2-2万,苏州,3年及以上,大专,专业服务(咨询、人力资源、财会),民营,50-150人,"['linux', '维护', '技术方案', 'tcp', '网络安全', '防火墙', '交换机', '网络设备', 'centos', 'ip', '方案', '五险一金', '员工旅游', '餐饮补贴', '通讯补贴', '专业培训', '出国机会', '定期体检', '弹性工作', '年终奖金']"
OA运维工程师(J10062),苏州苏纳光电有限公司,8千-1.5万,苏州,3年及以上,本科,电子技术/半导体/集成电路,民营,150-500人,"['oa', '系统二次开发', '系统集成', '五险一金', '年终奖金', '定期体检', '餐饮补贴', '员工旅游', '周末双休', '做五休二']"
ERP&MES系统管理员,耐而达精密工程（苏州）有限公司,1-1.5万·13薪,苏州,3年及以上,本科,机械/设备/重工,外资（非欧美）,50-150人,"['计算机', '办公软件', '数据分析', '需求分析', 'erp', 'word', '项目实施', '方案设计', 'powerpoint', '技术文档', '方案']"
IT/ Audio Visual Analyst II - Event Support,昆山杜克大学,8千-1万,昆山,2年及以上,本科,教育/培训/院校,外资（欧美）,150-500人,"['英文', '演艺技术支持', '数字投影仪', '扬声器系统', '麦克风', '数字混音控制', '照明控制台', 'DSP', '大型LED屏幕', '视频编解码器', '五险一金', '补充医疗保险', '免费班车', '专业培训', '定期体检']"
研发副总,维林光电（苏州）有限公司,30-50万/年,苏州,5年及以上,硕士,电子技术/半导体/集成电路,外资（欧美）,150-500人,"['项目管理', 'ppt', 'npi', '理工', '新产品开发', '时间管理', '市场计划', '客户支持', '报告', '口语交流', '五险一金', '年终奖金', '绩效奖金', '通讯补贴', '带薪年假', '节日福利', '交通补贴', '方案']"
IT,金德精密配件（苏州）有限公司,6千-1万,苏州,2年,大专,汽车,外资（非欧美）,500-1000人,"['it', '系统运维', '数据库维护', '数据库', '网络维护', '操作系统', '五险一金', '员工旅游', '年终奖金', '专业培训', '绩效奖金']"
IT交付工程师,苏州市盈田商业管理有限公司,1-1.5万,苏州,2年及以上,本科,租赁服务,民营,少于50人,"['计算机', 'java', 'mysql', 'oracle', '数据库', '测试', 'javascript', '维护', '电子信息', '物联网', '系统培训', '五险一金', '员工旅游', '餐饮补贴', '专业培训', '年终奖金', '定期体检', '过节费', '节日福利']"
IT工程师,苏州华纳精密模具有限公司,8千-1万·13薪,苏州,3-5年,大专,汽车,民营,150-500人,"['数据库', 'spring', 'linux', '项目管理', 'sql', 'windows', '网络', '服务器', '操作系统', '用户培训', '专业培训', '包吃', '节日福利', '加班补贴', '绩效奖金']"
系统运维主管（SAP）,苏州中来光伏新材股份有限公司,1.5-2万,常熟,5年及以上,本科,新能源,已上市,1000-5000人,"['java', '数据分析', 'sop', '项目管理', '开发', '需求调研', 'sap', '方案设计', '解决方案', '报表', '方案', '培训', '五险一金', '带薪年假', '年终奖金', '绩效奖金', '项目奖金', '专业培训', '出国机会', '定期体检', '通讯补贴', '交通补贴']"
实施项目经理,苏州瑞泰信息技术有限公司,1.2-1.8万·14薪,苏州,5-7年,本科,计算机软件,民营,500-1000人,"['医药行业', '方案设计', '用户培训', 'crm', '需求分析', '项目管理', 'pmp认证', '五险一金', '绩效奖金', '补充医疗保险', '定期体检']"
IT工程师,苏州领裕电子科技有限公司,8千-1.2万,苏州,3年及以上,本科,电子技术/半导体/集成电路,已上市,1000-5000人,"['计算机', '数据库', '调试', '自动化', '通信', '安装', '服务器', '网络安全', '故障处理', '网络设备', '五险一金', '专业培训', '餐饮补贴', '通讯补贴']"
IT技术支持,上海旌茂置业有限公司,1-1.2万,苏州,3年及以上,本科,房地产,国企,150-500人,"['金蝶', '软件', 'it', '服务器', '维护', 'oa系统', '明源', '电脑故障', 'it支持', '知识分享', '培训', '五险一金', '带薪年假', '年终奖金', '专业培训', '定期体检']"
it工程师,奥钢联伯乐焊接产品贸易（上海）有限公司,8千-1.4万·14薪,苏州,3年及以上,大专,机械/设备/重工,外资（欧美）,150-500人,"['网络管理', 'vlan', '预防性维护', '现场调查', '硬件系统', 'sccm', 'it运营', '无线覆盖', '桌面管理', '安全补丁', '五险一金', '节日福利', '带薪年假', '交通补贴', '补充医疗保险', '免费班车', '年终奖金']"
it技术支持技术员,广东中科经纬数据科技有限公司,1.2-1.8万·13薪,,无需经验,中技/中专,互联网/电子商务,民营,少于50人,"['培训', '计算机', '电脑', '打印机', '办公设备', '计算机软硬件', '网络系统', '技术支持', 'it项目', '技术支持维护', '五险一金', '补充公积金', '免费班车', '交通补贴', '专业培训', '通讯补贴', '餐饮补贴', '弹性工作']"
网路管理员,上海倍爱健康管理有限公司,8千-1.2万·14薪,苏州,3年及以上,大专,美容/保健,民营,150-500人,"['培训', 'erp', '安全', '安全检查', '网站', '安全管理制度', '安全员证书', '安全操作规程', 'it运维', '安全法律法规', '绩效奖金', '交通补贴', '五险一金', '全勤奖', '周末双休', '餐饮补贴', '通讯补贴', '节日福利', '带薪年假', '培训']"
LIMS系统管理员,暨明医药科技（苏州）有限公司,8千-1.3万,苏州,3年及以上,大专,制药/生物工程,外资（欧美）,50-150人,"['药学', '计算机', '审计', '医药行业', 'glp', 'cgmp', '计算机化系统', 'lims系统', '培训', '五险一金', '带薪年假', '年终奖金', '项目奖金', '定期体检', '有餐补', '免费工作餐', '通讯补贴', '交通补贴', '出差补贴']"
OA  Engineer (Weaver)/OA工程师（泛微）,立胜汽车科技（苏州）有限公司,1.2-1.8万,苏州,3年及以上,本科,汽车,外资（欧美）,500-1000人,"['泛微', 'Weaver', 'OA', '五险一金', '免费班车', '交通补贴', '定期体检', '年终奖金']"
it技术支持,苏州执牛耳网络科技有限公司,8千-1.2万,苏州,无需经验,,互联网/电子商务,民营,少于50人,"['网络', '五险一金', '补充医疗保险', '补充公积金']"
IT工程师,苏州异彩达复合材料有限公司,1-1.2万,昆山,3年及以上,大专,原材料和加工,合资,50-150人,"['u8', '机房', '监控设备', 'it运营', '计算机硬软件', '网络', '计算机', '安装', '调试', '信息系统', '五险一金', '节日福利', '全勤奖']"
MES售前工程师,苏州优众企业管理咨询有限公司,1.5-3万,苏州,无需经验,本科,计算机软件,民营,少于50人,"['需求分析', '解决方案', '技术交流', '客户信息收集', '标书撰写', '标书应答', '解决方案规划', '客户需求分析', '解决方案介绍', '五险一金']"
IT技术员,苏州和林微纳科技股份有限公司,6-8千,苏州,2年及以上,大专,电子技术/半导体/集成电路,已上市,150-500人,"['网络管理', '文案编辑', '信息系统', '维护', 'u8', 'OA', '钉钉', '周末双休', '五险一金']"
ERP运维专员,苏州双金实业有限公司,6千-1万,苏州,3年及以上,本科,原材料和加工,民营,50-150人,"['计算机', 'oracle', 'erp', '调试', 'sap', '维护', '系统安装', '运维管理', 'erp系统运维', 'erp系统优化', '五险一金', '专业培训']"
ERP专员,苏州晶拓半导体科技有限公司,8千-1.5万·14薪,苏州,2年及以上,大专,电子技术/半导体/集成电路,民营,50-150人,"['oracle', '项目管理', 'erp', '需求调研', 'crm', 'mes', 'pmp', 'scm', 'sql', 'server', '方案', '培训', '带薪年假', '带薪病假', '员工旅游', '五险一金', '年终奖金', '绩效奖金', '专业培训', '定期体检', '免费工作餐']"
IT专员,浙江海昇药业股份有限公司,12-18万/年,衢州,3年及以上,大专,制药/生物工程,民营,150-500人,"['培训', 'linux', 'sop', 'erp', '网络', '生命科学', 'it', '制药行业', 'mes', '操作系统', '培训', '五险一金', '带薪年假', '股票期权', '项目奖金', '绩效奖金', '包吃', '包住', '免费工作餐']"
IT Analyst,德塔颜色科技(苏州)有限公司,8-12万/年,苏州,3年及以上,大专,仪器仪表/工业自动化,外资（欧美）,50-150人,"['IT&Securit', 'Helpdesk', '五险一金', '补充医疗保险', '子女医疗保险', '带薪年假', '带薪病假', '员工旅游', '年终奖金', '专业培训', '定期体检']"
IT管理员,苏州天脉导热科技股份有限公司,5-8千,苏州,3年及以上,大专,电子技术/半导体/集成电路,民营,1000-5000人,"['计算机', '办公软件', '网络', '监控', '交换机', '五险一金', '年终奖金', '定期体检', '专业培训', '员工旅游', '节日福利', '带薪年假', '周末双休', '做五休二', '工作三餐', '其他丰富福利']"
IT工程师,昆山蒲公英智能科技有限公司,8千-1.3万·14薪,苏州,3-5年,大专,互联网/电子商务,民营,50-150人,"['计算机', '项目管理', 'erp', '需求调研', '异常处理', '金蝶', 'mysql数据库', '文档编写', '系统测试', '功能设计', '五险一金', '年终奖金', '定期体检', '周末双休', '带薪年假']"
"Business Analyst, IT ID181413",百特（中国）投资有限公司,2-2.9万,苏州,3年及以上,本科,金融/投资/证券,民营,,['eight']
One ERP PM-9 month Temp,阿法拉伐流体设备（昆山）有限公司,2-3万·15薪,昆山,5-7年,本科,机械/设备/重工,外资（欧美）,500-1000人,"['项目管理', '项目实施', '专业培训', '员工旅游', '周末双休', '免费班车']"
MES文员,苏州华尔达电子科技有限公司,4-6.5千,苏州,1年,中技/中专,电子技术/半导体/集成电路,民营,150-500人,"['办公软件', 'erp', 'mes', 'mes系统', 'wps', '人员设置', '数据处理', '年终奖金', '节日福利', '五险', '包吃', '单休']"
总部信息技术部--网络管理岗,东吴人寿保险股份有限公司,8千-1.6万,苏州,1年及以上,本科,保险,国企,1000-5000人,"['交换机', '网络设备', '华为', '网络规划', '网络故障', 'ospf', 'h3c', 'ccnp', '思科', 'bgp']"
it技术支持,上海京罡进出口贸易有限公司,5千-1万·13薪,苏州,3-5年,大专,计算机软件,民营,500-1000人,"['计算机', 'mysql', '办公软件', '数据库', 'sql', '调试', 'windows', '网络', 'it', '维护', '年终奖金', '定期体检', '专业培训', '餐饮补贴', '员工旅游', '通讯补贴', '节日福利', '带薪年假', '补充医疗保险', '免费班车', '股票期权', '五险', '全勤奖', '租房补贴', '定期团建']"
IT软件开发工程师,苏州朗威电子机械股份有限公司,1-1.5万,苏州,3-4年,大专,通信/电信/网络设备,民营,500-1000人,"['mes', 'erp', 'oa', '信息化', '管理维护', '服务器', '数据库', '计算机', '二次开发', '数据分析优化', '五险一金', '出国机会', '绩效奖金']"
IT运维工程师 IT Operations Engineer (MJ006227),嘉士伯中国,1-1.2万,常州,3年及以上,本科,快速消费品(食品、饮料、化妆品),外资（欧美）,1000-5000人,"['二维码', '平台运维管理', 'BCRM', 'SCRM', '供应商云平台', '五险一金', '年终奖金', '定期体检', '带薪年假', '周末双休', '补充医疗保险', '五险']"
H24C_T03-数字化实施专家（华东）,苏州慧工云信息科技有限公司,1.1-2.2万·14薪,苏州,2年及以上,本科,计算机软件,民营,150-500人,"['培训', '管理', '数据分析', '测试', '项目管理', 'erp', '咨询', '理工科', 'mes', '系统开发', '下午茶', '五险一金', '奖金', '周末双休', '员工聚餐', '年度体检', '年度旅游', '晋升', '免费零食', '节假日休', '法定节假', '培训', '生日会', '补充医疗保险', '专业培训']"
mes系统开发工程师,苏州赛伍应用技术股份有限公司,1.5-2万,苏州,3年及以上,本科,石油/化工/矿产/地质,已上市,500-1000人,"['java', '英语', '软件开发', 'c#', 'mes', '编程语言', 'mes系统', '计算机科学', '信息技术', '产品质量']"
IT技术支持,苏州海特自动化设备有限公司,6千-1万·13薪,苏州,1年,本科,计算机硬件,民营,150-500人,"['linux', 'erp', 'windows', '网络安全', '系统维护', '打印机', '办公设备', '故障排除', '计算机科学', '信息技术', '培训', '五险一金', '补充医疗保险', '员工旅游', '专业培训', '绩效奖金', '年终奖金', '定期体检', '节假日福利']"
IT（运维）,苏州恒久光电科技股份有限公司,7千-1万·13薪,苏州,3-4年,大专,电子技术/半导体/集成电路,已上市,500-1000人,"['计算机', '服务器', '信息系统', '网络设备', '网络协议', '交换机', '网络故障', '网络布线', '安装维护', 'tcp/ip协议', '五险一金', '年终奖金', '绩效奖金', '定期体检', '专业培训', '员工旅游', '通讯补贴', '节日福利', '周末双休', '全勤奖']"
ERP专员,苏州海鑫精密电子科技有限公司,8千-1.3万,常熟,5年及以上,大专,电子技术/半导体/集成电路,民营,500-1000人,"['电脑', '服务器', '实施管理', '机房', 'erp维护', '软件管理', '五险一金', '带薪年假', '包吃', '包住']"
it运维工程师,苏州西典新能源电气股份有限公司,7-8千,苏州,1年及以上,大专,机械/设备/重工,已上市,1000-5000人,"['cad', '调试', 'mysql数据库', '网络', '安装', '技术文档', '网络维护', '系统维护', '打印机', '故障排除', '培训', '五险一金', '年终奖金', '专业培训', '股票期权', '提供工作餐']"
IT技术支持,苏州宝馨智能制造有限公司,6千-1万,苏州,1年及以上,大专,机械/设备/重工,已上市,500-1000人,"['linux', 'erp', '异常处理', 'windows', '服务器', '故障处理', 'ad', '系统运维', '安装维护', 'it资产管理', '五险一金', '补充医疗保险', '员工旅游', '专业培训', '绩效奖金', '年终奖金', '定期体检']"
it工程师,苏州万丽织造有限公司,8千-1.2万,苏州,无需经验,本科,服装/纺织/皮革,民营,10000人以上,"['计算机', '管理', '运维', 'it', '服务器', '网络设备', '优化方案', 'vpn', '使用培训', 'it资产管理', '培训', '班车', '方案', '免费食宿']"
OA/ERP运维开发,晋泰科技（上海）有限公司,6-8千,苏州,1年及以上,大专,计算机软件,外资（非欧美）,50-150人,"['erp', 'oa', 'java', 'asp.net', 'oracle数据库', '运维', '数据库', 'sql', '维护', '项目开发', '五险一金', '年终奖金', '周末双休', '带薪年假', '入职培训', '年度体检', '培训', '八小时', '员工生日']"
MES工程师,上汽时代动力电池系统有限公司,18-30万/年,上海,3年及以上,本科,新能源,合资,150-500人,"['MES', 'WMS', 'JAVA开发', '设备集成', '餐饮补贴', '带薪年假', '六险一金', '双休']"
IT系统工程师 (MJ000223),江苏欣诺科催化剂股份有限公司,8千-1.2万·13薪,苏州,无需经验,本科,制药/生物工程,民营,150-500人,"['培训', '计算机', 'erp', '运维', '功能开发', '数据库维护', '测试上线', '项目总结', 'helpdesk', '业务系统', '培训']"
IT工程师,上海倍爱健康管理有限公司,7-9千·14薪,苏州,1年及以上,本科,美容/保健,民营,150-500人,"['sql', 'erp', '电脑', '网络', '交换机', '网络设备', '打印机', '数据查询', 'ftp服务器', 'it工程师', '绩效奖金', '交通补贴', '五险一金', '全勤奖', '周末双休', '餐饮补贴', '通讯补贴', '节日福利', '带薪年假', '住房补贴']"
网络管理员,江苏盛羽达生物科技有限公司,5.5千-1.1万,苏州,无需经验,大专,制药/生物工程,民营,150-500人,"['网络', '网络安全', '网络设备', '系统安装', '网络管理', '网络故障', '网络系统', '数据备份恢复', '系统维护管理', '五险一金', '员工旅游', '交通补贴', '绩效奖金', '年终奖金', '弹性工作', '包住', '加班补贴', '带薪年假', '生日福利']"
IT技术支持,上海剑愚机电设备有限公司,5千-1万,苏州,无需经验,大专,机械/设备/重工,民营,少于50人,"['计算机', '数据库', '网络', '安装调试', '服务器', '故障排除', '维护管理', '综合布线', '软硬件', '网络运维管理', '五险一金', '专业培训', '绩效奖金', '年终奖金', '定期体检']"
柔板工艺经理（线路）,盐城维信电子有限公司,2.5-2.9万·13薪,盐城,8年及以上,本科,电子技术/半导体/集成电路,外资（欧美）,1000-5000人,"['线路工艺', 'FPC', '五险一金', '年终奖金', '绩效奖金', '专业培训', '定期体检', '餐饮补贴', '员工旅游', '节日福利', '带薪年假', '通讯补贴', '交通补贴', '补充医疗保险', '周末双休', '培训', '持续发展']"
IT专员,苏州瑞泰克散热科技有限公司,6千-1万,苏州,3年及以上,大专,机械/设备/重工,民营,150-500人,"['网络运维', '包吃', '绩效奖金', '全勤奖', '节日福利', '五险一金', '定期体检', '员工旅游', '专业培训', '年终奖金']"
HR系统经理hris,瑞普仕信息科技（苏州）有限公司,2-2.5万,苏州,8年及以上,本科,计算机软件,合资,,"['计算机', '数据分析', '项目管理', '数学', 'pmp', '工业工程', '过程管理', '英语听说写', '运营规则', '职位管理']"
网管安全员,苏州恒悦新材料股份有限公司,8千-1.2万,苏州,2-4年,大专,原材料和加工,民营,50-150人,"['安全', 'it运维', '带薪年假', '五险一金', '包吃', '绩效奖金', '节日福利', '专业培训', '住房补贴']"
Business Development Manager,西交利物浦大学,1.5-3万,苏州,5-7年,硕士,教育/培训/院校,合资,1000-5000人,"['BD', '医药', '五险一金', '定期体检', '补充医疗保险']"
ERP系统运维专员,美固龙（上海）商用设备有限公司,8千-1.2万·13薪,太仓,1年及以上,本科,机械/设备/重工,外资（非欧美）,500-1000人,"['erp', 'IT', '系统运维', '五险一金', '专业培训', '年终奖金', '通讯补贴', '绩效奖金']"
系统管理员,苏州市产品质量监督检验院,6-8千,苏州,无需经验,本科,政府/公共事业,事业单位,150-500人,"['数据库', 'sqlserver', 'oa', '网络安全', '网络维护', '网络管理', '信息化管理', 'lims', '网络故障排除', '实验室流程', '五险一金', '年终奖金', '带薪年假', '做五休二']"
医院信息科网管,新视界眼科医院集团,6千-1万,苏州,3年及以上,大专,医疗/护理/卫生,民营,1000-5000人,"['his', '网络', '网络设备', '网络连接', '信息系统', '五险一金', '年终奖金']"
系统网络维护工程师,力索兰特（苏州）绝热材料有限公司,5-6千,苏州,1年,大专,建筑/建材/工程,外资（欧美）,150-500人,"['计算机', 'erp', '办公软件', '金蝶', '电脑', '网络', '服务器', '五险一金', '免费班车', '通讯补贴', '年终奖金', '弹性工作']"
技术支持/维护工程师,苏州市兴远纺织贸易有限公司,8千-1.3万,苏州,无需经验,,贸易/进出口,民营,少于50人,"['硬件', '故障排除', '系统部署', '网络协议', '网络设备', '服务器', '计算机系统', '网络连接', '五险一金', '餐饮补贴', '交通补贴']"
dynamics开发/运维/实施/项目经理,上海汉得信息技术股份有限公司,1.5-3万·13薪,上海,无需经验,大专,计算机软件,已上市,10000人以上,['微软']
IT,苏州秀品精密机械有限公司,8千-1万,苏州,3年及以上,本科,机械/设备/重工,民营,50-150人,"['erp', '金蝶', '服务器', '数据管理', '数据安全', '设施管理', '备份数据', '电脑维护管理', '五险一金', '免费工作餐', '包吃']"
助理IT工程师,苏州亿麦矽半导体技术有限公司,6-9千,苏州,1年及以上,大专,电子技术/半导体/集成电路,民营,50-150人,"['IT', '运维', '五险一金', '专业培训', '绩效奖金', '周末双休', '补充医疗保险', '节日礼金']"
柔板工艺经理（湿工艺）,苏州维信电子有限公司,2-2.6万·14薪,苏州,8年及以上,本科,电子技术/半导体/集成电路,外资（欧美）,5000-10000人,"['培训', '实验报告', 'kpi', 'doe', '工作计划', '培训', '持续发展']"
WMS\MES实施顾问（华东区-苏州）,深圳市爱世达资讯科技有限公司,8千-1.6万,苏州,1年及以上,本科,计算机软件,民营,50-150人,"['培训', '需求调研', '项目实施', 'mes', '需求分析', '测试', '验收', 'sqlserver', 'erp', '五险一金', '员工旅游', '定期体检', '高温补贴', '带薪年假', '法定节假日', '年终奖金', '交通补贴', '专业培训', '通讯补贴']"
Dean of Faculty Affairs,昆山杜克大学,1.2-2万,昆山,10年及以上,博士,教育/培训/院校,外资（欧美）,150-500人,"['教授事务', '任职评估', '教职发展', '年度汇报', '政策制定', 'tenure', '项目管理', '高等教育', '英文', '免费班车', '补充医疗保险', '五险一金', '专业培训', '定期体检', '英语环境']"
电话微信销售（苏州）,上海泛宣信息技术有限公司,6千-1万·13薪,苏州,无需经验,大专,计算机硬件,民营,50-150人,"['周末双休', '弹性工作', '带薪年假', '五险一金', '包住宿', '绩效奖金', '全勤奖', '节日福利', '餐饮补贴', '专业培训', '网络销售', '微信销售', '电话销售']"
Safety Supervisor,常熟市通力化工技术咨询有限公司,1.5-2万,苏州,3年及以上,本科,外包服务,民营,50-150人,"['安全生产', '入职培训', '培训']"
Global Equipment Manager,赫力昂（中国）有限公司,4-6.5万,苏州,10年及以上,本科,制药/生物工程,外资（欧美）,1000-5000人,"['五险一金', '补充医疗保险', '补充公积金', '交通补贴', '通讯补贴', '年终奖金', '股票期权', '定期体检', '国际协作']"
Communication & Community Engagement Supervisor,苏州德威外籍人员子女学校,1-1.5万·13薪,苏州,5年及以上,本科,教育/培训/院校,非营利组织,150-500人,"['通讯主管', '五险一金', '绩效奖金', '专业培训', '餐饮补贴', '定期体检', '带薪年假', '通讯补贴', '节日福利', '补充医疗保险']"
IT文档工程师,上海隆泓柠科技有限公司,6-8千·13薪,,1-3年,中技/中专,计算机软件,民营,50-150人,"['数据库系统', 'it', '文档编写', 'office', '办公软件', '培训', '弹性工作', '股票期权', '绩效奖金', '出国机会', '通讯补贴', '餐饮补贴', '员工旅游', '免费班车', '补充公积金', '补充医疗保险', '五险一金']"
IT工程师,亚翔系统集成科技（苏州）股份有限公司,7千-1万·13薪,苏州,1年及以上,本科,建筑/建材/工程,外资（非欧美）,150-500人,"['计算机', 'it', '报告撰写', '网络管理', '英文听说读写', '安全防护', '服务器配置', '设备巡检', '行政事务处理', '信息安全技术', '五险一金', '年终奖金', '定期体检', '员工旅游', '节日福利', '带薪年假', '周末双休', '做五休二']"
商务型销售（苏州）,上海泛宣信息技术有限公司,6千-1万·13薪,苏州,无需经验,大专,计算机硬件,民营,50-150人,"['周末双休', '弹性工作', '带薪年假', '五险一金', '包住宿', '绩效奖金', '全勤奖', '节日福利', '餐饮补贴', '专业培训', '网络销售', '微信销售', '电话销售']"
大客户经理（IT行业）(J11475),北京中亦安图科技股份有限公司,1.5-2.5万,苏州,8年及以上,大专,计算机服务(系统、数据服务、维修),民营,500-1000人,"['方案', '五险一金', '补充医疗保险', '通讯补贴', '专业培训', '出国机会', '股票期权', '定期体检', '年终奖金']"
金蝶ERP实施顾问（苏州）,深圳市爱世达资讯科技有限公司,7千-1.2万,苏州,1年及以上,本科,计算机软件,民营,50-150人,"['财务', '项目管理', 'erp', '生产计划', '金蝶', '解决方案', '数据库设计', '单元测试', '编码', '演讲', '五险一金', '补充医疗保险', '员工旅游', '餐饮补贴', '通讯补贴', '专业培训', '年终奖金', '定期体检', '项目奖金']"
数字化运营经理岗,银联数据服务有限公司,1.5-3万,上海,1年及以上,本科,计算机服务(系统、数据服务、维修),合资,1000-5000人,"['信用卡', '消费信贷', '信贷管理', '五险一金', '年终奖金', '专业培训', '定期体检', '免费班车', '企业年金']"
IT工程师(J10193),江苏澳盛复合材料科技股份有限公司,7千-1万·13薪,苏州,3年及以上,大专,原材料和加工,外资（非欧美）,500-1000人,"['计算机', '防火墙', '网站', '网络技术', '服务器维护', '信息化平台', '技术支持', '管理信息系统', '信息技术', '网络设备']"
ERP产品经理(J10235),名气家信息服务有限公司,1.2-1.6万·14薪,苏州,5年,本科,计算机软件,外资（非欧美）,150-500人,"['oracle', 'excel', '财务', 'erp', 'word', '需求调研', 'axure', '五险一金', '通讯补贴', '定期体检', '弹性工作', '专业培训', '员工旅游', '绩效奖金', '年终奖金', '餐饮补贴', '生日福利']"
桌面运维工程师（help desk）,苏州易北教育科技有限公司,6-8千,苏州,1年及以上,大专,教育/培训/院校,民营,少于50人,"['计算机', '网络', '英语读写', '打印机', '数据维护', 'it系统', '域管理', '五险一金', '绩效奖金', '周末双休']"
OA工程师(J10096),苏州瑞可达连接系统股份有限公司,1-1.6万,苏州,3年及以上,本科,电子技术/半导体/集成电路,已上市,1000-5000人,"['IT工程师', 'OA', '泛微oa系统', 'office软件', '五险一金', '免费班车', '年终奖金', '周末双休', '专业培训', '股票期权', '定期体检', '住宿提供']"
Web & Digital Marketing Manager,昆山杜克大学,1.2-1.5万,昆山,8年及以上,本科,教育/培训/院校,外资（欧美）,150-500人,"['SEO/SEM', '网站优化', 'Marketing', 'UI/UE', '数字营销', '产品经理', '营销策略', '开发', 'Web', '英文', '五险一金', '专业培训', '定期体检', '周末双休', '补充医疗保险', '免费班车']"
KA大客户销售,苏州阿普奇物联网科技有限公司,1.5-3万·13薪,苏州,3-4年,大专,计算机硬件,民营,50-150人,"['五险一金', '通讯补贴', '绩效奖金', '年终奖金', '定期体检', '工业自动化', '工控机', '工业计算机']"
J080414-财务运营管理专员(J10727),苏州纳芯微电子股份有限公司,1-2万·16薪,苏州,5年及以上,本科,电子技术/半导体/集成电路,已上市,500-1000人,"['五险一金', '年终奖金', '定期体检', '补充医疗保险', '绩效奖金', '周末双休', '带薪年假', '节日福利']"
IT工程师,桐庐桐达无人车科技有限公司,1-1.5万,苏州,2年,本科,汽车,民营,少于50人,"['数据库', '网络', '服务器', '防火墙', '数据安全', '安全设备', '容灾备份', '数据设备', '保障系统', '存储']"
销售工程师,苏州阿普奇物联网科技有限公司,8千-1.6万·13薪,苏州,1年,大专,计算机硬件,民营,50-150人,"['五险一金', '通讯补贴', '专业培训', '绩效奖金', '年终奖金', '定期体检', '自动化', '销售', '自动控制', '工业计算机']"
Account Manager,威提汽车紧固件（昆山）有限公司,2-2.5万·14薪,昆山,3年及以上,本科,汽车,外资（欧美）,少于50人,"['五险一金', '免费班车', '专业培训', '年终奖金', '定期体检', '弹性工作', '出国机会', '机器视觉', '视觉软件', 'MV-Tec']"
it项目经理,苏州德融嘉信信用管理技术股份有限公司,1-1.5万,苏州,3-7年,本科,计算机软件,民营,50-150人,"['五险一金', '节日福利', '带薪年假', '周末双休', '补充医疗保险']"
IT,上海硕仁信息技术有限公司,2-2.5万,苏州,5-7年,本科,计算机服务(系统、数据服务、维修),合资,少于50人,"['五险一金', '绩效奖金', '年终奖金']"
高级运维开发工程师,江苏盖睿健康科技有限公司,1.2-2万,苏州,5年及以上,本科,医疗设备/器械,合资,150-500人,"['mysql', 'linux', 'redis', '云服务']"
eHR产品经理,苏州莫克信息科技有限公司,8千-1.3万·13薪,苏州,3年及以上,本科,计算机软件,民营,少于50人,"['人力资源', 'prd', 'axure', '需求管理', '概念设计', '产品规划', '五险一金', '补充医疗保险', '补充公积金']"
发展和校友关系办公室副主任,宁波诺丁汉大学,3.2-4.6万,宁波,8年及以上,本科,教育/培训/院校,事业单位,500-1000人,"['教育基金', '教育行业', '英语工作语言']"
直播主播,合肥元涵钰鼎商贸有限公司,1-2万·13薪,苏州,无需经验,本科,互联网/电子商务,创业公司,500-1000人,"['弹性工作', '员工旅游', '出国机会', '专业培训', '主播', '健康主播', '知识分享', '短视频剪辑', '不露脸直播']"
SAP工程师,前程无忧校园,7千-1万,苏州,在校生/应届生,本科,专业服务(咨询、人力资源、财会),外资（非欧美）,,"['sap', '财务', '金融', '会计', '五险一金', '免费班车', '员工旅游', '餐饮补贴', '专业培训', '出国机会', '定期体检', '年终奖金']"
大数据运维技术负责人 (MJ000370),卓望数码技术（深圳）有限公司,3-5万·13薪,苏州,10年及以上,本科,通信/电信/网络设备,外资（非欧美）,1000-5000人,"['大数据运维', '运维体系建设', '方案', '培训']"
QMS流程软件开发经理,苏州方之见企业管理顾问有限公司,1.5-2.5万,苏州,3年及以上,本科,专业服务(咨询、人力资源、财会),民营,50-150人,"['流程管理', '定制化开发', '对外服务', '数字化软件', 'qms', '企业决策', '五险一金', '年终奖金', '绩效奖金', '专业培训', '餐饮补贴', '员工旅游', '带薪年假', '节日福利', '交通补贴', '周末双休', '弹性工作', '双休']"
Educational Consultant,昆山杜克大学,1-1.2万,昆山,2年及以上,硕士,教育/培训/院校,外资（欧美）,150-500人,"['教育顾问', '社会科学', '教育学', '大学老师', '中学老师', '教学理论辅导', '教学技术', '教学方法论', '英文', '五险一金', '专业培训', '定期体检', '周末双休', '补充医疗保险', '免费班车']"
QMS流程软件开发经理,苏州方之见企业管理顾问有限公司,1.5-2.5万,苏州,3年及以上,本科,专业服务(咨询、人力资源、财会),民营,50-150人,"['流程管理', '定制化开发', '对外服务', '数字化软件', 'qms', '企业决策', '五险一金', '年终奖金', '绩效奖金', '专业培训', '餐饮补贴', '员工旅游', '带薪年假', '节日福利', '交通补贴', '周末双休', '弹性工作', '双休']"
软件开发经理,苏州方之见企业管理顾问有限公司,1.5-2.5万,苏州,3年及以上,本科,专业服务(咨询、人力资源、财会),民营,50-150人,"['软件开发', 'crm', '企业管理', 'plm', '流程管理', '需求对接', '定制化开发', '算法开发', '企业软件', '对外服务', '五险一金', '年终奖金', '绩效奖金', '专业培训', '餐饮补贴', '员工旅游', '带薪年假', '节日福利', '交通补贴', '周末双休', '弹性工作', '双休']"
软件开发经理,苏州方之见企业管理顾问有限公司,1.5-2.5万,苏州,3年及以上,本科,专业服务(咨询、人力资源、财会),民营,50-150人,"['软件开发', 'crm', '企业管理', 'plm', '流程管理', '需求对接', '定制化开发', '算法开发', '企业软件', '对外服务', '五险一金', '年终奖金', '绩效奖金', '专业培训', '餐饮补贴', '员工旅游', '带薪年假', '节日福利', '交通补贴', '周末双休', '弹性工作', '双休']"
信息化项目经理,德尔未来科技控股集团股份有限公司,8千-1.5万,苏州,3-4年,大专,建筑/建材/工程,已上市,1000-5000人,"['五险一金', '员工旅游', '股票期权', '年终奖金', '绩效奖金', '弹性工作', '定期体检', '交通补贴', '通讯补贴']"
IT专员,江苏航天龙梦信息技术有限公司,8千-1万·14薪,常熟,3年及以上,本科,电子技术/半导体/集成电路,国企,150-500人,"['管理', '服务器', '信息管理', '网络设备', '信息化', '计算机科学', '保密', '信息化规划', 'gjb', '安装调试维护', '五险一金', '定期体检', '专业培训', '餐饮补贴', '交通补贴', '周末双休']"
高级运维（SRE）工程师(A08006),深圳市正浩创新科技股份有限公司,2.5-5万·15薪,苏州,7年及以上,本科,新能源,民营,1000-5000人,"['培训', '计算机', '运维', 'shell', 'docker', 'jenkins', '中间件', '技术指导', '网络安全', '网络协议']"
mes实施顾问,鼎捷数智股份有限公司,1.3-2万,苏州,2年及以上,本科,计算机软件,已上市,1000-5000人,"['方案', '培训', '六险一金', '补充医疗保险', '员工旅游', '餐饮补贴', '通讯补贴', '专业培训', '年终奖金', '定期体检', '带薪年假', '有餐补']"
erp实施专员,苏州易开迪新能源技术有限公司,1-1.5万·13薪,苏州,3年及以上,本科,贸易/进出口,民营,50-150人,"['测试', 'c#', '归档', '.net', '系统开发', '文档撰写', 'mssqlserver', '应用系统', '基础架构', '迭代开发', '五险一金', '年终奖金', '员工旅游', '绩效奖金', '弹性工作', '餐饮补贴', '出国机会', '专业培训']"
IT技术支持,上海厚翔实业有限公司,1.4-1.8万·13薪,苏州,3年及以上,高中,计算机硬件,民营,150-500人,"['IT网络工程师', '五险一金', '补充医疗保险', '通讯补贴', '餐饮补贴', '交通补贴', '年终奖金', '绩效奖金', '专业培训', '定期体检', '企业年金']"
服务器测试工程师,紫光云数科技有限公司,1-1.5万,杭州,5年及以上,大专,计算机软件,国企,1000-5000人,"['整机测试', '五险一金', '年终奖金', '定期体检', '绩效奖金', '节日福利']"
H24C_T03-数字化实施专家（华东）,苏州慧工云信息科技有限公司,1.1-2.2万·14薪,苏州,2年及以上,本科,计算机软件,民营,150-500人,"['培训', '管理', '数据分析', '测试', '项目管理', 'erp', '咨询', '理工科', 'mes', '系统开发', '下午茶', '五险一金', '奖金', '周末双休', '员工聚餐', '年度体检', '年度旅游', '晋升', '免费零食', '节假日休', '法定节假', '培训', '生日会', '补充医疗保险', '专业培训']"
H24C_T03-数字化实施专家（华东）,苏州慧工云信息科技有限公司,1.1-2.2万·14薪,苏州,2年及以上,本科,计算机软件,民营,150-500人,"['培训', '管理', '数据分析', '测试', '项目管理', 'erp', '咨询', '理工科', 'mes', '系统开发', '下午茶', '五险一金', '奖金', '周末双休', '员工聚餐', '年度体检', '年度旅游', '晋升', '免费零食', '节假日休', '法定节假', '培训', '生日会', '补充医疗保险', '专业培训']"
it技术支持,诺博汽车科技有限公司,7-9千·15薪,苏州,5年及以上,本科,汽车零配件,民营,500-1000人,"['电脑', '盘点', '供应商管理', 'it', '维护', '操作系统', 'office软件', '打印机', '投影仪', '笔记本']"
内江国企/月均6500/五险一金,中国太平洋财产保险股份有限公司保定中心支公司,8千-1.2万,苏州,无需经验,中技/中专,保险,国企,,"['车险咨询', '投保', '售后电话回访', '电话回访', '电网销', '五险一金', '补充医疗保险', '餐饮补贴', '年终奖金', '专业培训', '定期体检']"
信息岗,华润置地商业地产苏州吴江万象汇,6-9千,昆山,1年及以上,本科,房地产,国企,150-500人,"['数据库', 'linux', 'sql', 'windows', '运维', '数据采集', '协调', '报表制作', '五险一金', '餐饮补贴']"
Program Specialist (高管教育&终身学习),昆山杜克大学,1.2-1.5万,昆山,5年及以上,本科,教育/培训/院校,外资（欧美）,150-500人,"['项目专员', '项目交付', '费用跟踪', '销售支持', '会议协调', '项目运营', '预算管理', '行政', '客服服务', '英文']"
Coordinator for Academic Success,昆山杜克大学,8千-1万,昆山,2-3年,硕士,教育/培训/院校,外资（欧美）,150-500人,"['学习辅导', 'coaching', '学生支持', '学习策略', '学生管理', 'tutoring', '高等教育', '英文', '大学']"
Coordinator for the Innovation Hub,昆山杜克大学,1-1.2万,昆山,2-3年,本科,教育/培训/院校,外资（欧美）,150-500人,"['数字制造', '实验室安全', '创客空间', 'MakerSpace', 'Lab运营管理', '工业设计', '电子工程', '机械工程', '硬件产品经理', '高等教育', '五险一金', '补充医疗保险', '免费班车', '专业培训', '定期体检']"
2025届校园招聘-信息技术岗,江苏国泰汉帛实业发展有限公司,15-18万/年,张家港,在校生/应届生,本科,贸易/进出口,国企,500-1000人,"['计算机', '项目管理', '英语六级', '信息系统', '软件技术', '软件系统开发', '带薪年假', '五险一金', '高温补贴', '节日福利', '餐饮补贴', '通讯补贴', '免费班车', '专业培训', '交通补贴', '住房补贴']"
IT总监,常熟通润汽车零部件股份有限公司,2.5-3万,常熟,10年及以上,本科,机械/设备/重工,合资,1000-5000人,"['运维', '网络设备', '技术对接', '办公网络', '工业交换机', '智能制造', '数据中心', '5g网络', '网络架构设计', '智能化改造', '培训', '方案', '五险一金', '餐饮补贴', '绩效奖金', '出国机会']"
Team Lead IT-Consulting,普安华信息技术咨询（太仓）有限公司,15-25万/年,太仓,7年及以上,本科,计算机软件,外资（欧美）,少于50人,"['五险一金', '年终奖金', '绩效奖金', '双休', '带薪年假', '专业培训', '定期体检', '零食下午茶']"
产品规划经理,天顺风能（苏州）股份有限公司,2-2.3万·15薪,太仓,5年及以上,本科,机械/设备/重工,已上市,1000-5000人,"['五险一金', '年终奖金', '定期体检', '餐饮补贴', '通讯补贴', '带薪年假', '周末双休']"
IT经理,昆山联滔电子有限公司,2.5-3.5万,昆山,8年及以上,本科,电子技术/半导体/集成电路,民营,,"['团队管理', 'spc', 'ai', '英语听说读写', '软件编程', '开发维护', '项目推广', 'ar', '可视化', 'it项目管理', '五险一金', '年终奖金', '定期体检', '餐饮补贴']"
软件首席技术官CTO,伟尔泰克智造科技（苏州）有限公司,40-60万/年,昆山,8年及以上,本科,计算机软件,民营,150-500人,"['团队管理', '软件开发', '技术管理', '技术指导', '风险管理', '指导', '计算机科学', '技术创新', '供应商关系', '方案', '五险一金', '通讯补贴', '专业培训', '出国机会', '绩效奖金', '年终奖金']"
Team Lead IT-Consulting,普安华信息技术咨询（太仓）有限公司,15-25万/年,太仓,7年及以上,本科,计算机软件,外资（欧美）,少于50人,"['五险一金', '年终奖金', '绩效奖金', '双休', '带薪年假', '专业培训', '定期体检', '零食下午茶']"
信息化经理,浙江华瑞航空制造有限公司,2.5-3万·13薪,杭州,10年及以上,本科,航天/航空,国企,150-500人,"['智能工厂', '数字化', '制造业', '五险一金', '绩效奖金', '定期体检', '专业培训', '餐饮补贴', '带薪年假', '节日福利', '周末双休', '免费班车', '方案']"
数字化经理,江苏港通电缆有限公司,20-30万/年,张家港,5年及以上,本科,机械/设备/重工,民营,150-500人,"['erp', '项目实施', 'mes', '物联网', '数据建模', '数字化管理', '智能工厂', '数字化系统', '项目管理', '数字化转型']"
IT基础架构运维经理,好孩子儿童用品有限公司,20-40万/年,昆山,5年及以上,本科,家具/家电/玩具/礼品,外资（非欧美）,5000-10000人,"['培训', '管理', 'linux', '服务器', '故障处理', 'pmp', '网络设备', '计算机科学', 'vmware', '故障排查', '五险一金', '免费班车', '年终奖金', '补充医疗保险', '定期体检', '提供住宿']"
IT工程师,苏州康容生物医疗科技有限公司,8千-1.5万,太仓,3-4年,本科,医疗设备/器械,民营,150-500人,"['计算机网络', '服务器', '交换机', '网络工程', '财务软件', 'web服务器', '网络设备', '办公设备', '网络安全', '信息收集', '带薪年假', '节日福利', '年终奖金', '五险一金', '绩效奖金', '包吃', '专业培训']"
IT副经理,苏州新中能源科技有限公司,1.5-2.5万,常熟,5年及以上,本科,新能源,外资（非欧美）,150-500人,"['IT', 'IT经理', 'IT主管', '五险一金', '专业培训', '年终奖金', '育儿假', '年假']"
技术总监,昆山瀚宇国际物流服务有限公司,2.5-3.5万,昆山,8年及以上,本科,交通/运输/物流,民营,150-500人,"['java', 'mysql', '管理', 'oracle', 'redis', '推广', 'rabbitmq', 'kafka', 'mongodb', 'dubbo', '方案']"
软件研发技术总监,伟尔泰克智造科技（苏州）有限公司,36-48万/年,昆山,8年及以上,本科,计算机软件,民营,150-500人,"['管理', '需求分析', '团队管理', '软件开发', '软件工程', '产品开发', '文档编写', '原型设计', '编程语言', '风险管理', '五险一金', '年终奖金', '通讯补贴', '绩效奖金', '专业培训', '出国机会']"
IT信息经理,优护优家健康科技（苏州）有限公司,1.5-2.5万·13薪,昆山,8-9年,大专,快速消费品(食品、饮料、化妆品),民营,500-1000人,"['计算机', '需求调研', '功能设计', '产品规划', '系统开发', '数据敏感', '信息化建设', '运行维护', '问题处理', '开发管理', '员工旅游', '年终奖金', '五险一金', '通讯补贴', '餐饮补贴', '专业培训', '定期体检']"
创新业务主体通鑫—IoT云端架构师,通力电梯有限公司,2.5-3万·13薪,昆山,8年及以上,本科,机械/设备/重工,外资（欧美）,10000人以上,"['计算机', 'java', '软件工程', 'kafka', '架构设计', '技术培训', '微服务架构', 'websocket', 'flink', '代码评审', '培训']"
IT经理,苏州星辰商务服务有限公司,1-2万·13薪,昆山,6年及以上,大专,租赁服务,外资（欧美）,少于50人,"['运维管理', '数字化', '信息安全体系', 'it管理', '数据管理体系', '计算机及应用', '内部培训', '社保', '五险一金', '年终奖金', '绩效奖金', '带薪年假', '节日福利', '周末双休', '定期团建', '培训']"
运维经理,港城云联（苏州）数据系统有限公司,1.8-2.8万,张家港,5年及以上,大专,通信/电信运营、增值服务,民营,50-150人,"['ups', '数据中心', '机电一体化', '柴发', 'idc运维', '交通补贴', '通讯补贴', '五险一金', '周末双休']"
OA技术经理,昆山瀚宇国际物流服务有限公司,1.2-1.8万,昆山,5年及以上,本科,交通/运输/物流,民营,150-500人,"['java', 'mysql', '二开', 'pmp', '系统逻辑', 'sqlserver', '五险一金', '专业培训', '绩效奖金', '年终奖金', '带薪年假', '职业规划']"
软件产品总监,伟尔泰克智造科技（苏州）有限公司,26-33万/年,昆山,8年及以上,本科,计算机软件,民营,150-500人,"['需求分析', '市场营销', '推广', '团队管理', '市场调研', '软件工程', '产品开发', '产品设计', '文档编写', '原型设计', '方案', '培训', '五险一金', '通讯补贴', '专业培训', '出国机会', '绩效奖金', '年终奖金']"
运维经理,港城云联（苏州）数据系统有限公司,1.8-2.8万,张家港,5年及以上,大专,通信/电信运营、增值服务,民营,50-150人,"['ups', '数据中心', '机电一体化', '柴发', 'idc运维', '交通补贴', '通讯补贴', '五险一金', '周末双休']"
IT运维主管,艺唯科技股份有限公司,1.5-1.8万,昆山,5年及以上,本科,电子技术/半导体/集成电路,民营,150-500人,"['运维主管', '五险一金', '员工旅游', '通讯补贴', '专业培训', '节日福利']"
软件开发经理,伟尔泰克智造科技（苏州）有限公司,1.8-2.8万·13薪,昆山,8年及以上,本科,计算机软件,民营,150-500人,"['计算机', 'java', '数据库', 'springboot', 'mybatis', '设计模式', 'saas', '微服务架构', '手机app', 'flutter', '五险一金', '年终奖金', '通讯补贴', '绩效奖金', '专业培训']"
运维经理,港城云联（苏州）数据系统有限公司,1.8-2.8万,张家港,5年及以上,大专,通信/电信运营、增值服务,民营,50-150人,"['ups', '数据中心', '机电一体化', '柴发', 'idc运维', '交通补贴', '通讯补贴', '五险一金', '周末双休']"
Sr.IT Engineer,常熟市通和人力资源服务有限公司,1.5-2万,上海,8年及以上,本科,专业服务(咨询、人力资源、财会),民营,少于50人,"['server', 'aws', 'cloud', 'azure', 'db', 'os', 'hardware', 'patch', 'alicloud', 'maintanance']"
IT信息主管,优护优家健康科技（苏州）有限公司,1.2-1.5万·13薪,昆山,5-7年,大专,快速消费品(食品、饮料、化妆品),民营,500-1000人,"['mysql', 'oracle', '数据库', 'sql', 'erp', 'sqlserver', '需求调研', 'c#', '设计模式', 'oa', '员工旅游', '年终奖金', '五险一金', '通讯补贴', '餐饮补贴', '专业培训', '定期体检']"
IT工程师（软件）,苏州英华特涡旋技术股份有限公司,1.3-1.8万·14薪,常熟,3-4年,本科,机械/设备/重工,民营,150-500人,"['培训', '计算机', '数据库', '财务', '项目管理', '成本核算', '解决方案', '软件工程', '信息管理', '系统集成', '五险一金', '员工旅游', '定期体检', '绩效奖金', '带薪年假', '节日福利', '年终奖金', '试用期同薪', '免费工作餐']"
it工程师,太仓优尼泰克精密机械有限公司,1.5-2万·13薪,太仓,3年及以上,本科,机械/设备/重工,外资（欧美）,150-500人,"['sap', '英文', '二次开发', '维护管理', 'sap系统', '英文技术文档', '培训支持', 'microsoft', '办公流程', '问题解决', '培训']"
IT经理,苏州英特模科技股份有限公司,1-1.8万,常熟,3年及以上,本科,汽车,民营,500-1000人,"['数据分析', '需求分析', '网络', 'it', '服务器', '维护', 'ai', '安全', '五险一金', '带薪年假', '年终奖金', '专业培训', '定期体检', '出差补贴', '免费工作餐', '员工生日会']"
IT Supervisor,戴铂科技（常熟）有限公司,1.2-2万·13薪,常熟,5年及以上,本科,原材料和加工,外资（欧美）,少于50人,"['access', 'hrm', 'sigma', 'printer', 'health', 'dps', 'it', 'project', 'nav', 'o365', '五险一金', '补充医疗保险', '带薪年假', '年终奖金', '绩效奖金', '定期体检', '免费工作餐', '免费班车', '定期团建']"
信息安全助理经理,江苏正力新能电池技术股份有限公司,2.5-3.5万·14薪,常熟,6年及以上,本科,新能源,民营,1000-5000人,"['信息安全', '五险一金', '年终奖金', '免费住宿', '免费三餐']"
数字化产品负责人-TPO,通力电梯有限公司,2-3万·14薪,昆山,3-5年,本科,机械/设备/重工,外资（欧美）,10000人以上,"['五险一金', '年终奖金', '定期体检', '专业培训', '餐饮补贴', '交通补贴', '节日福利', '带薪年假', '周末双休', '补充医疗保险']"
IT内控经理,乐美包装（昆山）有限公司,1.4-2.4万·13薪,昆山,5年及以上,本科,印刷/包装/造纸,外资（非欧美）,1000-5000人,"['数据分析', 'excel', '项目管理', '审计', 'sap', 'mes', '信息管理', '项目计划', '计算机科学', '权限管理', '五险一金', '年终奖金', '绩效奖金', '定期体检', '餐饮补贴', '通讯补贴', '节日福利', '带薪年假', '周末双休', '补充医疗保险']"
IE经理（智能制造方向）,上海一恒科技有限公司,2-3万,昆山,5年及以上,本科,仪器仪表/工业自动化,民营,150-500人,"['方案', '培训', '职业发展', '发展平台', '快速发展', '晋升空间', '五险一金', '免费班车', '专业培训', '节假日福利', '工作餐']"
IT工程师,苏州异彩达复合材料有限公司,1.2-1.8万,昆山,3年及以上,本科,原材料和加工,合资,50-150人,"['u8', '机房', '监控设备', 'it运营', '计算机硬软件', '网络', '计算机', '安装', '调试', '信息系统', '五险一金', '节日福利', '全勤奖']"
软件开发经理 (Digital Manager),通力电梯有限公司,2-3万,昆山,5年及以上,本科,机械/设备/重工,外资（欧美）,10000人以上,"['五险一金', '年终奖金', '定期体检', '带薪年假', '团队氛围好', '节假日福利']"
应用系统工程师(IT Application Engineer),昆山怡口净水系统有限公司,22-26万/年,昆山,3年及以上,本科,家具/家电/玩具/礼品,外资（欧美）,150-500人,"['mysql', 'oracle', 'linux', 'redis', '运维', '性能测试', 'weblogic', 'docker', 'mongodb', '中间件']"
IT工程师,苏州异彩达复合材料有限公司,1.2-1.8万,昆山,3年及以上,本科,原材料和加工,合资,50-150人,"['u8', '机房', '监控设备', 'it运营', '计算机硬软件', '网络', '计算机', '安装', '调试', '信息系统', '五险一金', '节日福利', '全勤奖']"
IT工程师,博众优浦（常熟）汽车部件科技有限公司,1-2万·13薪,常熟,3年及以上,本科,汽车,民营,500-1000人,"['金蝶', '解决方案', '运维', '软件', '用友', 'mes系统', '互联网思维', '数字化项目', '五险一金', '包三餐', '包住宿', '高温补贴', '全勤奖', '节日福利', '通讯补贴']"
流程管理经理,江苏正力新能电池技术股份有限公司,2-3万·14薪,常熟,8年及以上,本科,新能源,民营,1000-5000人,"['流程管理', '方案', '培训', '五险一金', '年终奖金', '免费住宿', '免费三餐']"
IT副经理,张家港友诚新能源科技股份有限公司,8千-1.2万,张家港,5年及以上,大专,汽车,民营,500-1000人,"['计算机', 'mysql', '管理', 'oracle', 'erp', '安全管理', 'oa', 'mes', '运维管理', 'u8', '五险一金', '绩效奖金', '节日福利']"
IT高级工程师,昆山联滔电子有限公司,1.1-1.5万,昆山,3年及以上,大专,电子技术/半导体/集成电路,民营,,"['oracle', '测试', 'css', 'html', 'javascript', '需求分析', '开发', '前端开发', 'ai', 'tcp']"
IT经理,昆山嘉华电子有限公司,1.5-2.5万,昆山,10年及以上,大专,汽车,合资,1000-5000人,"['项目管理', 'erp', '网络', '运维', '计算机网络', 'oa', 'it', '服务器', '功能设计', 'mes', '系统培训']"
服务器系统工程师,上海鸣志电器股份有限公司,1.5-2.5万·14薪,太仓,3年及以上,本科,仪器仪表/工业自动化,已上市,1000-5000人,"['服务器', '数据库', '五险一金', '免费班车', '员工旅游', '绩效奖金', '专业培训', '餐饮补贴', '年终奖金', '通讯补贴', '定期体检']"
QAD运维工程师,江苏博俊工业科技股份有限公司,1-1.8万,昆山,5年及以上,大专,汽车零配件,已上市,500-1000人,"['erp', '服务器运维', 'qad', '财务模块', '供应链模块', '五险一金', '补充公积金', '带薪年假', '年终奖金', '免费工作餐', '包住']"
硬件IT运维（海外）,昆山丘钛微电子科技股份有限公司,1.5-2万,昆山,5年及以上,大专,电子技术/半导体/集成电路,外资（非欧美）,1000-5000人,"['linux', '调试', '网络', '服务器', '维护', '操作系统', '故障处理', '交换机', '通信工程', '网络设备', '五险一金', '年终奖金', '专业培训', '带薪年假', '周末双休']"
it工程师,前锦网络信息技术（上海）有限公司,1.3-2.5万·13薪,太仓,5年及以上,大专,专业服务(咨询、人力资源、财会),外资（非欧美）,5000-10000人,"['英语', 'sap', '英文', '二次开发', 'sap系统', '英文技术文档', '培训支持', 'microsoft', '办公流程', '问题解决', '培训']"
资深IT经理,苏州纽姆特纳米科技有限公司,8千-1.5万,张家港,5年及以上,大专,新能源,创业公司,50-150人,"['erp', '电脑', '金蝶', '运维', 'oa', '服务器', 'crm', '网络设备', '数据可视化', 'plm', '五险一金', '带薪年假', '带薪病假', '员工旅游', '年终奖金', '专业培训', '包住', '有餐补', '交通补贴', '通讯补贴']"
综合管理中心副总监(J10068),江苏博涛智能热工股份有限公司,3-5万,常熟,5年及以上,硕士,机械/设备/重工,民营,150-500人,"['新能源', '快速发展', '团队建设', '持续发展', '培训', '食堂']"
MES业务分析师,乐美包装（昆山）有限公司,2-2.5万·13薪,昆山,5年及以上,本科,印刷/包装/造纸,外资（非欧美）,1000-5000人,"['业务分析师', 'mes', '流程图', '原型图', '系统架构', '系统分析师', '需求说明', '方案']"
流程实施顾问,沃太能源股份有限公司,2-2.2万·14薪,南通,5年及以上,本科,新能源,民营,500-1000人,"['销售', '流程优化', '项目规划', '分析', '流程管理', 'SAP', 'CRM', '五险一金', '交通补贴', '餐饮补贴', '专业培训', '方案']"
运营经理/总监,无锡先导智能装备股份有限公司,3-5万·16薪,无锡,7年及以上,本科,仪器仪表/工业自动化,已上市,10000人以上,"['战略规划', '转型变革', '营运管理', '精益管理', '流程管理', '持续发展', '方案', '五险一金', '餐饮补贴', '专业培训', '年终奖金', '弹性工作', '定期体检', '员工活动丰富']"
高级应用系统工程师-BI,乐美包装（昆山）有限公司,1.5-2万·13薪,昆山,5年及以上,本科,印刷/包装/造纸,外资（非欧美）,1000-5000人,"['数据库', '数据分析', '开发', 'sap', '数据结构', '数据库设计', '报表', '英文', 'etl', '信息管理', '方案']"
信息技术科主管,维信诺,1-1.6万·14薪,昆山,5年及以上,本科,电子技术/半导体/集成电路,已上市,5000-10000人,"['linux', '采购', 'windows', 'it', '服务器', '维护', 'tcp', '网络安全', '网络设备', 'ip', '五险一金', '餐饮补贴', '年终奖金', '定期体检', '员工旅游', '带薪年假', '专业培训', '加班费', '各类津贴']"
流程实施顾问,沃太能源股份有限公司,2-2.2万·14薪,南通,5年及以上,本科,新能源,民营,500-1000人,"['销售', '流程优化', '项目规划', '分析', '流程管理', 'SAP', 'CRM', '五险一金', '交通补贴', '餐饮补贴', '专业培训', '方案']"
产品经理/主管,天顺风能（苏州）股份有限公司,1.8-2.2万·15薪,太仓,5年及以上,本科,机械/设备/重工,已上市,1000-5000人,"['五险一金', '年终奖金', '定期体检', '餐饮补贴', '通讯补贴', '节日福利', '带薪年假', '周末双休']"
数字化办公产品经理,江苏中服焦点跨境贸易服务有限公司,1.5-2.3万·14薪,常熟,2-8年,本科,互联网/电子商务,民营,50-150人,"['企业数字化', 'OA', '财务', '五险一金', '带薪年假', '员工旅游', '年终奖金', '绩效奖金', '项目奖金', '专业培训', '定期体检', '有餐补', '免费工作餐']"
MES主管,昆山迈征自动化科技有限公司,1.8-2.2万,昆山,5-7年,本科,机械/设备/重工,民营,50-150人,"['五险一金', '包住宿', '绩效奖金', '带薪年假', '节日福利', '员工旅游', '年终奖金', '定期体检', '上五休二', '公积金全额']"
应用系统工程师 （ 非基础架构与网络工程师）,昆山怡口净水系统有限公司,22-26万/年,昆山,1年及以上,本科,家具/家电/玩具/礼品,外资（欧美）,150-500人,"['mysql', 'oracle', 'linux', 'redis', '运维', '性能测试', 'weblogic', 'docker', 'mongodb', '中间件']"
Senior IT Engineer 高级IT工程师,沃富润冲压件（常熟）有限公司,1.2-1.8万,常熟,5年及以上,本科,机械/设备/重工,外资（欧美）,50-150人,"['deliver', 'manage', 'risk', 'points', '五险一金', '年终奖金', '定期体检', '餐饮补贴', '员工旅游', '节日福利', '带薪年假', '周末双休', '补充医疗保险']"
IT/ Audio Visual Analyst II - Event Support,昆山杜克大学,8千-1万,昆山,2年及以上,本科,教育/培训/院校,外资（欧美）,150-500人,"['英文', '演艺技术支持', '数字投影仪', '扬声器系统', '麦克风', '数字混音控制', '照明控制台', 'DSP', '大型LED屏幕', '视频编解码器', '五险一金', '补充医疗保险', '免费班车', '专业培训', '定期体检']"
IT工程师,江苏珂亦新能源科技有限公司,1.2-1.8万·13薪,张家港,3年及以上,本科,新能源,民营,500-1000人,"['维护', '维护管理', '数据安全', 'it系统', 'it项目', '信息安全', '五险一金', '年终奖金']"
数字化项目实施工程师,招商局工业智能科技（江苏）有限公司,1.5-2.5万·13薪,南通,5年及以上,本科,计算机服务(系统、数据服务、维修),国企,50-150人,"['计算机', '数据库', '电子', '项目管理', '软件开发', '售后服务', '软件工程', '投标报价', '技术管理', '技术方案', '方案', '五险一金', '免费班车', '通讯补贴', '餐饮补贴', '年终奖金', '定期体检']"
资讯硬件工程师（沪利微电）,沪士电子股份有限公司,1.2-1.5万,昆山,5年及以上,大专,电子技术/半导体/集成电路,已上市,5000-10000人,"['计算机', 'linux', '安全管理', 'windows', '网络', '运维', '安全', 'tcp', '防火墙', '监控', '五险一金', '年终奖金', '定期体检', '绩效奖金', '专业培训', '餐饮补贴', '员工旅游', '带薪年假', '节日福利', '周末双休', '股票期权', '包住宿', '做五休二']"
MES项目经理,广东盘古信息科技股份有限公司,1-1.6万,昆山,3年及以上,大专,计算机软件,民营,150-500人,"['计算机', 'oracle', 'excel', 'erp', '质量管理', 'mes', '用户培训', '信息管理', '数据整理', '流程优化', '五险一金', '员工旅游', '专业培训', '出国机会', '绩效奖金', '年终奖金', '股票期权']"
IT技术支持,芯核半导体科技（江苏）有限公司,1-1.5万·14薪,张家港,3年及以上,大专,电子技术/半导体/集成电路,合资,少于50人,"['计算机', 'erp', 'it', '网络维护', '维护管理', '数据维护', '安保管理', '电脑维护', '局域网管理', 'it设备管理', '五险一金', '年终奖金', '定期体检', '餐饮补贴', '节日福利', '带薪年假', '补充医疗保险']"
IT技术支持,福立旺精密机电（中国）股份有限公司,9千-1.8万,昆山,2年及以上,本科,汽车,外资（非欧美）,1000-5000人,"['java', 'sql', '调试', '电脑', 'c#', '软件工程', '计算机网络', '编程语言', '网络安全', '交换机']"
ERP系统管理员,上海奥索斯自动化科技有限公司,1-1.5万,常熟,3-5年,本科,交通/运输/物流,民营,50-150人,"['培训', 'oracle', '运维', '金蝶', '用友', 'sap', '供应链', 'NCC供应链', 'NCC生产制造', 'MRP', '五险一金', '定期体检', '节日福利', '带薪年假', '周末双休', '全勤奖']"
IT,昆山尚为新材料有限公司,8千-1.2万,昆山,3年及以上,大专,电子技术/半导体/集成电路,民营,500-1000人,"['防火墙', '服务器', '网络', '计算机', '办公软件', 'windows', '管理维护', '运维管理', '交换机', '硬件']"
ERP软件工程师,怀金智能科技（苏州）有限公司,8千-1.6万,昆山,3年及以上,本科,电子技术/半导体/集成电路,民营,少于50人,"['非标制造行业', '钣金加工制造', '接受残疾人', '包吃', '节日福利', '五险一金', '绩效奖金', '年终奖金', '专业培训', '生日礼物', '年度旅游', '团队建设活动']"
IT技术工程师（偏软件）,昆山大川塑胶工业有限公司,1.2-1.5万·13薪,昆山,3年及以上,大专,汽车,外资（非欧美）,150-500人,"['计算机', '服务器', '系统维护', '应用软件', 'erp系统维护', '办公系统软件', '报表调整', '计算机硬件', '存储', '五险一金', '员工旅游', '专业培训', '绩效奖金', '年终奖金', '补充医疗保险', '补充公积金']"
IT,昆山尚为新材料有限公司,8千-1.2万,昆山,3年及以上,大专,电子技术/半导体/集成电路,民营,500-1000人,"['防火墙', '服务器', '网络', '计算机', '办公软件', 'windows', '管理维护', '运维管理', '交换机', '硬件']"
IT运维工程师 IT Operations Engineer (MJ006227),嘉士伯中国,1-1.2万,常州,3年及以上,本科,快速消费品(食品、饮料、化妆品),外资（欧美）,1000-5000人,"['二维码', '平台运维管理', 'BCRM', 'SCRM', '供应商云平台', '五险一金', '年终奖金', '定期体检', '带薪年假', '周末双休', '补充医疗保险', '五险']"
ERP专员,苏州海鑫精密电子科技有限公司,8千-1.3万,常熟,5年及以上,大专,电子技术/半导体/集成电路,民营,500-1000人,"['电脑', '服务器', '实施管理', '机房', 'erp维护', '软件管理', '五险一金', '带薪年假', '包吃', '包住']"
IT项目工程师,福立旺精密机电（中国）股份有限公司,1-2万,昆山,3年及以上,本科,汽车,外资（非欧美）,1000-5000人,"['开发', '英文口语', '客户系统', '需求立项', '五险一金', '年终奖金', '专业培训', '定期体检', '员工旅游', '节日福利', '周末双休', '包吃']"
ERP资深工程师,昆山丘钛微电子科技股份有限公司,1.4-1.8万,昆山,3年及以上,本科,电子技术/半导体/集成电路,外资（非欧美）,1000-5000人,"['鼎捷', 'TipTop', '五险一金', '补充医疗保险', '员工旅游', '交通补贴', '年终奖金', '股票期权', '通讯补贴', '餐饮补贴', '定期体检']"
IT运维工程师 IT Operations Engineer (MJ006227),嘉士伯中国,1-1.2万,常州,3年及以上,本科,快速消费品(食品、饮料、化妆品),外资（欧美）,1000-5000人,"['二维码', '平台运维管理', 'BCRM', 'SCRM', '供应商云平台', '五险一金', '年终奖金', '定期体检', '带薪年假', '周末双休', '补充医疗保险', '五险']"
ERP专员,苏州海鑫精密电子科技有限公司,8千-1.3万,常熟,5年及以上,大专,电子技术/半导体/集成电路,民营,500-1000人,"['电脑', '服务器', '实施管理', '机房', 'erp维护', '软件管理', '五险一金', '带薪年假', '包吃', '包住']"
IT技术支持,福立旺精密机电（中国）股份有限公司,7千-1.4万,昆山,2年及以上,本科,汽车,外资（非欧美）,1000-5000人,"['java', 'sql', '调试', '电脑', 'c#', '软件工程', '计算机网络', '编程语言', '网络安全', '交换机', '五险一金', '专业培训', '节日福利', '带薪年假', '工作餐']"
it运维,捷邦精密科技股份有限公司,6千-1万,昆山,3年及以上,大专,原材料和加工,已上市,1000-5000人,"['计算机', '办公软件', 'linux', '网络', '服务器', '防火墙', '排除故障', '管理维护', '运维管理', '五险一金', '专业培训', '带薪年假', '周末双休']"
资讯IT,连展科技电子（昆山）有限公司,5-6千,昆山,2年及以上,大专,电子技术/半导体/集成电路,外资（非欧美）,500-1000人,"['计算机', '办公软件', '管理', 'linux', 'it', '固定资产', 'ad', 'oa系统', '监控', '软件安装']"
信息工程师,苏州罗克莱科技有限公司,8千-1.3万,昆山,3年,大专,石油/化工/矿产/地质,民营,500-1000人,"['培训', '五险一金', '带薪年假', '员工旅游', '年终奖金', '专业培训', '出国机会', '项目奖金', '定期体检', '包住', '免费工作餐']"
R&D leader(J10110),环鸿电子（昆山）有限公司,10-12万,昆山,10年及以上,硕士,电子技术/半导体/集成电路,外资（非欧美）,1000-5000人,"['电驱研发管理', '团队建设', '五险一金', '免费班车', '员工旅游', '专业培训', '年终奖金', '定期体检', '餐饮补贴', '三节奖金', '出国机会', '年度分红']"
ERP专员,苏飞亚智能科技（苏州）有限公司,4-8千·16薪,常熟,1年及以上,高中,贸易/进出口,民营,少于50人,"['制造企业', 'ERP', '注塑成型', '五险一金']"
资讯工程师,昆山兆利电子有限公司,7-9千·13薪,昆山,1-3年,大专,电子技术/半导体/集成电路,外资（非欧美）,150-500人,"['erp', '异常处理', '电脑', '运维', 'it', '服务器', 'ad', '网络维护', '办公设备', '监控', '五险一金', '年终奖金', '绩效奖金', '带薪年假', '周末双休', '做五休二', '全勤奖']"
软件维护工程师,江苏新凯盛企业发展有限公司,8千-1.5万,常熟,2年,大专,服装/纺织/皮革,民营,1000-5000人,"['技术支持', '维护', '工程师', 'Java', '包吃', '包住宿', '绩效奖金', '通讯补贴', '高温补贴', '专业培训', '节日福利']"
系统运维工程师,博昊汽车零部件（昆山）有限公司,1.2-1.3万,昆山,2年,本科,汽车零配件,民营,500-1000人,"['erp', '行政', '金蝶', 'it', '服务器', '资料管理', '网络技术', '软硬件故障', '授权管理', 'mes管理系统', '五险一金', '绩效奖金', '年终奖金']"
IT服务专员,上海峰飞航空科技有限公司,1-1.5万,昆山,3-5年,本科,航天/航空,外资（非欧美）,150-500人,"['计算机', '办公软件', '调试', 'windows', '安装', '文档编写', 'it', '服务器', '操作系统', '技术培训', '培训', '方案', '五险一金', '免费班车', '员工旅游', '专业培训', '出国机会', '绩效奖金', '年终奖金', '股票期权', '八大社团团建']"
IT,隆中电机技术（昆山）有限公司,6千-1万,昆山,3年及以上,大专,汽车,民营,少于50人,"['计算机', '网络安全', '网络维护', '计算机软硬件', '软硬件故障', '设备管理维护', '邮箱']"
业务系统工程师,乐美包装（昆山）有限公司,1-1.4万·13薪,昆山,5年及以上,本科,印刷/包装/造纸,外资（非欧美）,1000-5000人,"['java', '办公软件', 'excel', '需求分析', 'sql', '英语', 'word', 'ppt', 'office', '软件开发', '跨国企业', '方案']"
柔板工艺经理（线路）,盐城维信电子有限公司,2.5-2.9万·13薪,盐城,8年及以上,本科,电子技术/半导体/集成电路,外资（欧美）,1000-5000人,"['线路工艺', 'FPC', '五险一金', '年终奖金', '绩效奖金', '专业培训', '定期体检', '餐饮补贴', '员工旅游', '节日福利', '带薪年假', '通讯补贴', '交通补贴', '补充医疗保险', '周末双休', '培训', '持续发展']"
IT工程师,昆山凯密科汽车零部件有限公司,6-8千,昆山,1-3年,大专,汽车,民营,500-1000人,"['培训', '计算机', '办公软件', 'linux', 'erp', '调试', 'windows', '安装', '文档编写', 'it', '培训', '五险一金', '带薪年假', '年终奖金', '专业培训', '定期体检', '交通补贴', '通讯补贴', '免费工作餐']"
ERP系统运维专员,美固龙（上海）商用设备有限公司,8千-1.2万·13薪,太仓,1年及以上,本科,机械/设备/重工,外资（非欧美）,500-1000人,"['erp', 'IT', '系统运维', '五险一金', '专业培训', '年终奖金', '通讯补贴', '绩效奖金']"
Dean of Faculty Affairs,昆山杜克大学,1.2-2万,昆山,10年及以上,博士,教育/培训/院校,外资（欧美）,150-500人,"['教授事务', '任职评估', '教职发展', '年度汇报', '政策制定', 'tenure', '项目管理', '高等教育', '英文', '免费班车', '补充医疗保险', '五险一金', '专业培训', '定期体检', '英语环境']"
IT工程师,昆山固特杰散热产品有限公司,7-8千,昆山,3年及以上,大专,汽车,民营,150-500人,"['计算机', '服务器', '故障处理', '网络设备', '打印机', '综合布线', '监控系统', '运行维护', '运行管理', '计算机软硬件', '五险一金', '包吃']"
ERP 系统管理员,浦项奥斯特姆（苏州）汽车配件有限公司,4-6千,昆山,无需经验,大专,汽车,外资（非欧美）,150-500人,"['培训', 'java', 'mysql', '数据库', 'erp', 'sqlserver', 'c#', '文档编写', '编程语言', '权限管理', '培训']"
IT专员,中绿空间液态金属科技（江苏）有限公司,7千-1.2万,昆山,3年及以上,大专,学术/科研,国企,50-150人,"['linux', 'windows', '网络', '服务器', '操作系统', '维护管理', '计算机科学', '网络协议', '计算机系统', '培训支持', '培训', '方案', '五险一金', '员工旅游', '年终奖金']"
Dean of Faculty Affairs,昆山杜克大学,1.2-2万,昆山,10年及以上,博士,教育/培训/院校,外资（欧美）,150-500人,"['教授事务', '任职评估', '教职发展', '年度汇报', '政策制定', 'tenure', '项目管理', '高等教育', '英文', '免费班车', '补充医疗保险', '五险一金', '专业培训', '定期体检', '英语环境']"
桌面运维工程师,昆山凌顶电子有限公司,6-9千·13薪,昆山,1年及以上,中技/中专,计算机软件,民营,少于50人,"['培训', '计算机', '办公软件', 'linux', 'windows', '技术文档', '信息化', '系统上线', '系统升级', '电子计算机', '五险', '带薪年假', '带薪病假', '员工旅游', '绩效奖金', '年终奖金', '包吃', '有餐补', '交通补贴', '专业培训']"
IT,星光树脂制品（昆山）有限公司,7-9千·13薪,昆山,1-3年,本科,机械/设备/重工,外资（非欧美）,500-1000人,"['5天8小时', '五险一金', '年终奖金', '带薪年假', '带薪年假', '五险一金', '员工旅游', '定期体检', '年终奖金', '绩效奖金', '晋升空间大', '包吃包住']"
ERP运维工程师,芯核半导体科技（江苏）有限公司,8千-1.3万,张家港,3年及以上,本科,电子技术/半导体/集成电路,合资,少于50人,"['计算机', 'oracle', '测试', '财务', '需求分析', '项目管理', 'erp', '开发', 'sap', 'mvc', '年终奖金', '员工旅游', '定期体检', '团队氛围', '晋升空间', '公司福利', '职业发展', '社会保险', '方案']"
OA系统--软件开发工程师,苏州晶洲装备科技有限公司,1-2万,常熟,3-10年,本科,电子技术/半导体/集成电路,民营,500-1000人,"['计算机', 'java', 'javascript', '解决方案', '运维', 'oa', '用户培训', '二次开发', 'pmp', '维护管理', '方案', '培训', '五险一金', '专业培训', '员工旅游', '出国机会', '年终奖金', '绩效奖金']"
IT工程师,苏州泽璟生物制药股份有限公司,5.5-7千,昆山,1-3年,大专,制药/生物工程,合资,500-1000人,"['办公软件', 'linux', '调试', 'office', 'windows', '网络', '运维', 'it', '操作系统', '网络安全']"
信息化工程师,张家港保税区泰德瑞尔轨道科技有限公司,7千-1万,张家港,1年及以上,本科,机械/设备/重工,民营,150-500人,['计算机']
数字化运营经理岗,银联数据服务有限公司,1.5-3万,上海,1年及以上,本科,计算机服务(系统、数据服务、维修),合资,1000-5000人,"['信用卡', '消费信贷', '信贷管理', '五险一金', '年终奖金', '专业培训', '定期体检', '免费班车', '企业年金']"
IT兼行政专员,亨通海洋工程有限公司,7千-1万,常熟,2年及以上,本科,建筑/建材/工程,民营,,"['培训', '计算机', 'windows', 'it', '安全', '设备维护', '故障排除', '计算机科学', '行政事务管理', 'mac', '五险一金', '定期体检', '餐饮补贴', '节日福利', '带薪年假', '周末双休', '免费班车', '做五休二', '全勤奖', '培训']"
mes系统工程师,昆山联滔电子有限公司,1.4-1.6万,昆山,3年及以上,本科,电子技术/半导体/集成电路,民营,,"['计算机', '数据库', '数据分析', 'sql', '统计', '后台支撑', '用户需求分析', '报表软件', '报表系统']"
IT工程师（偏软件）,日佳力机电工业（昆山）有限公司,9千-1.8万,昆山,3年及以上,大专,汽车,合资,150-500人,"['五险一金', '员工旅游', '绩效奖金', '年终奖金', '定期体检', '生日礼券']"
数字化运营经理岗,银联数据服务有限公司,1.5-3万,上海,1年及以上,本科,计算机服务(系统、数据服务、维修),合资,1000-5000人,"['信用卡', '消费信贷', '信贷管理', '五险一金', '年终奖金', '专业培训', '定期体检', '免费班车', '企业年金']"
